database_uid,db_id,scenario,scenario_zh,task_id,question,is_corrected,correction_type,schema_ref,task_ref
spider_data__bike_1,bike_1,bike_micromobility,共享单车,task_000001,Give me the dates when the max temperature was higher than 85.,False,,schemas/by_database/spider_data__bike_1.json,tasks/by_database/spider_data__bike_1.jsonl
spider_data__bike_1,bike_1,bike_micromobility,共享单车,task_000002,What are the dates with a maximum temperature higher than 85?,False,,schemas/by_database/spider_data__bike_1.json,tasks/by_database/spider_data__bike_1.jsonl
spider_data__bike_1,bike_1,bike_micromobility,共享单车,task_000003,What are the names of stations that have latitude lower than 37.5?,False,,schemas/by_database/spider_data__bike_1.json,tasks/by_database/spider_data__bike_1.jsonl
spider_data__bike_1,bike_1,bike_micromobility,共享单车,task_000004,What are the names of all stations with a latitude smaller than 37.5?,False,,schemas/by_database/spider_data__bike_1.json,tasks/by_database/spider_data__bike_1.jsonl
spider_data__bike_1,bike_1,bike_micromobility,共享单车,task_000005,"For each city, return the highest latitude among its stations.",False,,schemas/by_database/spider_data__bike_1.json,tasks/by_database/spider_data__bike_1.jsonl
spider_data__bike_1,bike_1,bike_micromobility,共享单车,task_000006,"For each city, what is the highest latitude for its stations?",False,,schemas/by_database/spider_data__bike_1.json,tasks/by_database/spider_data__bike_1.jsonl
spider_data__bike_1,bike_1,bike_micromobility,共享单车,task_000007,Give me the start station and end station for the trips with the three oldest id.,False,,schemas/by_database/spider_data__bike_1.json,tasks/by_database/spider_data__bike_1.jsonl
spider_data__bike_1,bike_1,bike_micromobility,共享单车,task_000008,What is the station station and end station for the trips with the three smallest ids?,False,,schemas/by_database/spider_data__bike_1.json,tasks/by_database/spider_data__bike_1.jsonl
spider_data__bike_1,bike_1,bike_micromobility,共享单车,task_000009,What is the average latitude and longitude of stations located in San Jose city?,False,,schemas/by_database/spider_data__bike_1.json,tasks/by_database/spider_data__bike_1.jsonl
spider_data__bike_1,bike_1,bike_micromobility,共享单车,task_000010,What is the average latitude and longitude in San Jose?,False,,schemas/by_database/spider_data__bike_1.json,tasks/by_database/spider_data__bike_1.jsonl
spider_data__bike_1,bike_1,bike_micromobility,共享单车,task_000011,What is the id of the trip that has the shortest duration?,False,,schemas/by_database/spider_data__bike_1.json,tasks/by_database/spider_data__bike_1.jsonl
spider_data__bike_1,bike_1,bike_micromobility,共享单车,task_000012,What is the id of the shortest trip?,False,,schemas/by_database/spider_data__bike_1.json,tasks/by_database/spider_data__bike_1.jsonl
spider_data__bike_1,bike_1,bike_micromobility,共享单车,task_000013,What is the total and maximum duration of trips with bike id 636?,False,,schemas/by_database/spider_data__bike_1.json,tasks/by_database/spider_data__bike_1.jsonl
spider_data__bike_1,bike_1,bike_micromobility,共享单车,task_000014,What is the total and maximum duration for all trips with the bike id 636?,False,,schemas/by_database/spider_data__bike_1.json,tasks/by_database/spider_data__bike_1.jsonl
spider_data__bike_1,bike_1,bike_micromobility,共享单车,task_000015,"For each zip code, return the average mean temperature of August there.",False,,schemas/by_database/spider_data__bike_1.json,tasks/by_database/spider_data__bike_1.jsonl
spider_data__bike_1,bike_1,bike_micromobility,共享单车,task_000016,"For each zip code, what is the average mean temperature for all dates that start with '8'?",False,,schemas/by_database/spider_data__bike_1.json,tasks/by_database/spider_data__bike_1.jsonl
spider_data__bike_1,bike_1,bike_micromobility,共享单车,task_000017,"From the trip record, find the number of unique bikes.",False,,schemas/by_database/spider_data__bike_1.json,tasks/by_database/spider_data__bike_1.jsonl
spider_data__bike_1,bike_1,bike_micromobility,共享单车,task_000018,How many different bike ids are there?,False,,schemas/by_database/spider_data__bike_1.json,tasks/by_database/spider_data__bike_1.jsonl
spider_data__bike_1,bike_1,bike_micromobility,共享单车,task_000019,What is the number of distinct cities the stations are located at?,False,,schemas/by_database/spider_data__bike_1.json,tasks/by_database/spider_data__bike_1.jsonl
spider_data__bike_1,bike_1,bike_micromobility,共享单车,task_000020,How many different cities have these stations?,False,,schemas/by_database/spider_data__bike_1.json,tasks/by_database/spider_data__bike_1.jsonl
spider_data__bike_1,bike_1,bike_micromobility,共享单车,task_000021,How many stations does Mountain View city has?,False,,schemas/by_database/spider_data__bike_1.json,tasks/by_database/spider_data__bike_1.jsonl
spider_data__bike_1,bike_1,bike_micromobility,共享单车,task_000022,How many stations are in Mountain View?,False,,schemas/by_database/spider_data__bike_1.json,tasks/by_database/spider_data__bike_1.jsonl
spider_data__bike_1,bike_1,bike_micromobility,共享单车,task_000023,Return the unique name for stations that have ever had 7 bikes available.,False,,schemas/by_database/spider_data__bike_1.json,tasks/by_database/spider_data__bike_1.jsonl
spider_data__bike_1,bike_1,bike_micromobility,共享单车,task_000024,What are the different names for each station that has ever had 7 bikes available?,False,,schemas/by_database/spider_data__bike_1.json,tasks/by_database/spider_data__bike_1.jsonl
spider_data__bike_1,bike_1,bike_micromobility,共享单车,task_000025,Which start station had the most trips starting from August? Give me the name and id of the station.,False,,schemas/by_database/spider_data__bike_1.json,tasks/by_database/spider_data__bike_1.jsonl
spider_data__bike_1,bike_1,bike_micromobility,共享单车,task_000026,What are the start station's name and id for the one that had the most start trips in August?,False,,schemas/by_database/spider_data__bike_1.json,tasks/by_database/spider_data__bike_1.jsonl
spider_data__bike_1,bike_1,bike_micromobility,共享单车,task_000027,Which bike traveled the most often in zip code 94002?,False,,schemas/by_database/spider_data__bike_1.json,tasks/by_database/spider_data__bike_1.jsonl
spider_data__bike_1,bike_1,bike_micromobility,共享单车,task_000028,What is the id of the bike that traveled the most in 94002?,False,,schemas/by_database/spider_data__bike_1.json,tasks/by_database/spider_data__bike_1.jsonl
spider_data__bike_1,bike_1,bike_micromobility,共享单车,task_000029,How many days had both mean humidity above 50 and mean visibility above 8?,True,sql,schemas/by_database/spider_data__bike_1.json,tasks/by_database/spider_data__bike_1.jsonl
spider_data__bike_1,bike_1,bike_micromobility,共享单车,task_000030,What is the number of days that had an average humity above 50 and an average visibility above 8?,False,,schemas/by_database/spider_data__bike_1.json,tasks/by_database/spider_data__bike_1.jsonl
spider_data__bike_1,bike_1,bike_micromobility,共享单车,task_000031,"What is the latitude, longitude, city of the station from which the shortest trip started?",False,,schemas/by_database/spider_data__bike_1.json,tasks/by_database/spider_data__bike_1.jsonl
spider_data__bike_1,bike_1,bike_micromobility,共享单车,task_000032,"What is the latitude, longitude, and city of the station from which the trip with smallest duration started?",False,,schemas/by_database/spider_data__bike_1.json,tasks/by_database/spider_data__bike_1.jsonl
spider_data__bike_1,bike_1,bike_micromobility,共享单车,task_000033,What are the ids of stations that are located in San Francisco and have average bike availability above 10.,False,,schemas/by_database/spider_data__bike_1.json,tasks/by_database/spider_data__bike_1.jsonl
spider_data__bike_1,bike_1,bike_micromobility,共享单车,task_000034,What are the ids of the stations in San Francisco that normally have more than 10 bikes available?,False,,schemas/by_database/spider_data__bike_1.json,tasks/by_database/spider_data__bike_1.jsonl
spider_data__bike_1,bike_1,bike_micromobility,共享单车,task_000035,What are the names and ids of stations that had more than 14 bikes available on average or were installed in December?,False,,schemas/by_database/spider_data__bike_1.json,tasks/by_database/spider_data__bike_1.jsonl
spider_data__bike_1,bike_1,bike_micromobility,共享单车,task_000036,What are the names and ids of all stations that have more than 14 bikes available on average or had bikes installed in December?,False,,schemas/by_database/spider_data__bike_1.json,tasks/by_database/spider_data__bike_1.jsonl
spider_data__bike_1,bike_1,bike_micromobility,共享单车,task_000037,What is the 3 most common cloud cover rates in the region of zip code 94107?,False,,schemas/by_database/spider_data__bike_1.json,tasks/by_database/spider_data__bike_1.jsonl
spider_data__bike_1,bike_1,bike_micromobility,共享单车,task_000038,What are the 3 most common cloud covers in the zip code of 94107?,False,,schemas/by_database/spider_data__bike_1.json,tasks/by_database/spider_data__bike_1.jsonl
spider_data__bike_1,bike_1,bike_micromobility,共享单车,task_000039,What is the zip code in which the average mean sea level pressure is the lowest?,False,,schemas/by_database/spider_data__bike_1.json,tasks/by_database/spider_data__bike_1.jsonl
spider_data__bike_1,bike_1,bike_micromobility,共享单车,task_000040,What is the zip code that has the lowest average mean sea level pressure?,False,,schemas/by_database/spider_data__bike_1.json,tasks/by_database/spider_data__bike_1.jsonl
spider_data__bike_1,bike_1,bike_micromobility,共享单车,task_000041,What is the average bike availability in stations that are not located in Palo Alto?,False,,schemas/by_database/spider_data__bike_1.json,tasks/by_database/spider_data__bike_1.jsonl
spider_data__bike_1,bike_1,bike_micromobility,共享单车,task_000042,What is the average bike availablility for stations not in Palo Alto?,False,,schemas/by_database/spider_data__bike_1.json,tasks/by_database/spider_data__bike_1.jsonl
spider_data__bike_1,bike_1,bike_micromobility,共享单车,task_000043,What is the average longitude of stations that never had bike availability more than 10?,False,,schemas/by_database/spider_data__bike_1.json,tasks/by_database/spider_data__bike_1.jsonl
spider_data__bike_1,bike_1,bike_micromobility,共享单车,task_000044,What is the mean longitude for all stations that have never had more than 10 bikes available?,False,,schemas/by_database/spider_data__bike_1.json,tasks/by_database/spider_data__bike_1.jsonl
spider_data__bike_1,bike_1,bike_micromobility,共享单车,task_000045,When and in what zip code did max temperature reach 80?,True,sql,schemas/by_database/spider_data__bike_1.json,tasks/by_database/spider_data__bike_1.jsonl
spider_data__bike_1,bike_1,bike_micromobility,共享单车,task_000046,What zip codes have a station with a max temperature greater than or equal to 80 and when did it reach that temperature?,False,,schemas/by_database/spider_data__bike_1.json,tasks/by_database/spider_data__bike_1.jsonl
spider_data__bike_1,bike_1,bike_micromobility,共享单车,task_000047,Give me ids for all the trip that took place in a zip code area with average mean temperature above 60.,True,sql_large_result,schemas/by_database/spider_data__bike_1.json,tasks/by_database/spider_data__bike_1.jsonl
spider_data__bike_1,bike_1,bike_micromobility,共享单车,task_000048,Find ids of all trips that took place in zip code areas with average mean temperature above 60.,True,question_and_sql_large_result,schemas/by_database/spider_data__bike_1.json,tasks/by_database/spider_data__bike_1.jsonl
spider_data__bike_1,bike_1,bike_micromobility,共享单车,task_000049,"For each zip code, return how many times max wind speed reached 25?",False,,schemas/by_database/spider_data__bike_1.json,tasks/by_database/spider_data__bike_1.jsonl
spider_data__bike_1,bike_1,bike_micromobility,共享单车,task_000050,"For each zip code, how many times has the maximum wind speed reached 25 mph?",False,,schemas/by_database/spider_data__bike_1.json,tasks/by_database/spider_data__bike_1.jsonl
spider_data__bike_1,bike_1,bike_micromobility,共享单车,task_000051,On which day and in which zip code was the min dew point lower than any day in zip code 94107?,False,,schemas/by_database/spider_data__bike_1.json,tasks/by_database/spider_data__bike_1.jsonl
spider_data__bike_1,bike_1,bike_micromobility,共享单车,task_000052,"Which days had a minimum dew point smaller than any day in zip code 94107, and in which zip codes were those measurements taken?",False,,schemas/by_database/spider_data__bike_1.json,tasks/by_database/spider_data__bike_1.jsonl
spider_data__bike_1,bike_1,bike_micromobility,共享单车,task_000053,"For each trip, return its ending station's installation date.",False,,schemas/by_database/spider_data__bike_1.json,tasks/by_database/spider_data__bike_1.jsonl
spider_data__bike_1,bike_1,bike_micromobility,共享单车,task_000054,What is the installation date for each ending station on all the trips?,False,,schemas/by_database/spider_data__bike_1.json,tasks/by_database/spider_data__bike_1.jsonl
spider_data__bike_1,bike_1,bike_micromobility,共享单车,task_000055,Which trips started from stations tied for the largest dock count? Give me the trip ids.,True,question_and_sql_large_result,schemas/by_database/spider_data__bike_1.json,tasks/by_database/spider_data__bike_1.jsonl
spider_data__bike_1,bike_1,bike_micromobility,共享单车,task_000056,What are the ids of trips that started from stations tied for the highest dock count?,True,question_and_sql_large_result,schemas/by_database/spider_data__bike_1.json,tasks/by_database/spider_data__bike_1.jsonl
spider_data__bike_1,bike_1,bike_micromobility,共享单车,task_000057,Count the number of trips that did not end in San Francisco city.,False,,schemas/by_database/spider_data__bike_1.json,tasks/by_database/spider_data__bike_1.jsonl
spider_data__bike_1,bike_1,bike_micromobility,共享单车,task_000058,How many trips did not end in San Francisco?,False,,schemas/by_database/spider_data__bike_1.json,tasks/by_database/spider_data__bike_1.jsonl
spider_data__bike_1,bike_1,bike_micromobility,共享单车,task_000059,"In zip code 94107, on which day neither Fog nor Rain was not observed?",True,sql,schemas/by_database/spider_data__bike_1.json,tasks/by_database/spider_data__bike_1.jsonl
spider_data__bike_1,bike_1,bike_micromobility,共享单车,task_000060,On which day has it neither been foggy nor rained in the zip code of 94107?,True,sql,schemas/by_database/spider_data__bike_1.json,tasks/by_database/spider_data__bike_1.jsonl
spider_data__bike_1,bike_1,bike_micromobility,共享单车,task_000061,What are the ids of stations that have latitude above 37.4 and never had bike availability below 7?,False,,schemas/by_database/spider_data__bike_1.json,tasks/by_database/spider_data__bike_1.jsonl
spider_data__bike_1,bike_1,bike_micromobility,共享单车,task_000062,What are the ids of all stations that have a latitude above 37.4 and have never had less than 7 bikes available?,False,,schemas/by_database/spider_data__bike_1.json,tasks/by_database/spider_data__bike_1.jsonl
spider_data__bike_1,bike_1,bike_micromobility,共享单车,task_000063,What are names of stations that have average bike availability above 10 and are not located in San Jose city?,False,,schemas/by_database/spider_data__bike_1.json,tasks/by_database/spider_data__bike_1.jsonl
spider_data__bike_1,bike_1,bike_micromobility,共享单车,task_000064,What are the names of all stations that have more than 10 bikes available and are not located in San Jose?,True,sql,schemas/by_database/spider_data__bike_1.json,tasks/by_database/spider_data__bike_1.jsonl
spider_data__bike_1,bike_1,bike_micromobility,共享单车,task_000065,"What are the name, latitude, and city of the station with the lowest latitude?",False,,schemas/by_database/spider_data__bike_1.json,tasks/by_database/spider_data__bike_1.jsonl
spider_data__bike_1,bike_1,bike_micromobility,共享单车,task_000066,"What is the name, latitude, and city of the station that is located the furthest South?",False,,schemas/by_database/spider_data__bike_1.json,tasks/by_database/spider_data__bike_1.jsonl
spider_data__bike_1,bike_1,bike_micromobility,共享单车,task_000067,"What are the date, mean temperature and mean humidity for the top 3 days with the largest max gust speeds?",False,,schemas/by_database/spider_data__bike_1.json,tasks/by_database/spider_data__bike_1.jsonl
spider_data__bike_1,bike_1,bike_micromobility,共享单车,task_000068,"What is the date, average temperature and mean humidity for the days with the 3 largest maximum gust speeds?",False,,schemas/by_database/spider_data__bike_1.json,tasks/by_database/spider_data__bike_1.jsonl
spider_data__bike_1,bike_1,bike_micromobility,共享单车,task_000069,List the name and the number of stations for all the cities that have at least 15 stations.,False,,schemas/by_database/spider_data__bike_1.json,tasks/by_database/spider_data__bike_1.jsonl
spider_data__bike_1,bike_1,bike_micromobility,共享单车,task_000070,What is the name of every city that has at least 15 stations and how many stations does it have?,False,,schemas/by_database/spider_data__bike_1.json,tasks/by_database/spider_data__bike_1.jsonl
spider_data__bike_1,bike_1,bike_micromobility,共享单车,task_000071,Find the ids and names of stations from which at least 200 trips started.,False,,schemas/by_database/spider_data__bike_1.json,tasks/by_database/spider_data__bike_1.jsonl
spider_data__bike_1,bike_1,bike_micromobility,共享单车,task_000072,What are the ids and names of all start stations that were the beginning of at least 200 trips?,False,,schemas/by_database/spider_data__bike_1.json,tasks/by_database/spider_data__bike_1.jsonl
spider_data__bike_1,bike_1,bike_micromobility,共享单车,task_000073,Find the zip code in which the average mean visibility is lower than 10.,False,,schemas/by_database/spider_data__bike_1.json,tasks/by_database/spider_data__bike_1.jsonl
spider_data__bike_1,bike_1,bike_micromobility,共享单车,task_000074,"For each zip code, select all those that have an average mean visiblity below 10.",False,,schemas/by_database/spider_data__bike_1.json,tasks/by_database/spider_data__bike_1.jsonl
spider_data__bike_1,bike_1,bike_micromobility,共享单车,task_000075,List all the cities in a decreasing order of each city's stations' highest latitude.,False,,schemas/by_database/spider_data__bike_1.json,tasks/by_database/spider_data__bike_1.jsonl
spider_data__bike_1,bike_1,bike_micromobility,共享单车,task_000076,"For each city, list their names in decreasing order by their highest station latitude.",False,,schemas/by_database/spider_data__bike_1.json,tasks/by_database/spider_data__bike_1.jsonl
spider_data__bike_1,bike_1,bike_micromobility,共享单车,task_000077,What are the dates that had the top 5 cloud cover rates? Also tell me the cloud cover rate.,False,,schemas/by_database/spider_data__bike_1.json,tasks/by_database/spider_data__bike_1.jsonl
spider_data__bike_1,bike_1,bike_micromobility,共享单车,task_000078,What are the dates that have the 5 highest cloud cover rates and what are the rates?,False,,schemas/by_database/spider_data__bike_1.json,tasks/by_database/spider_data__bike_1.jsonl
spider_data__bike_1,bike_1,bike_micromobility,共享单车,task_000079,What are the ids and durations of the trips with the top 3 durations?,False,,schemas/by_database/spider_data__bike_1.json,tasks/by_database/spider_data__bike_1.jsonl
spider_data__bike_1,bike_1,bike_micromobility,共享单车,task_000080,What are the ids of the trips that lasted the longest and how long did they last?,True,sql,schemas/by_database/spider_data__bike_1.json,tasks/by_database/spider_data__bike_1.jsonl
spider_data__bike_1,bike_1,bike_micromobility,共享单车,task_000081,"For each station, return its longitude and the average duration of trips that started from the station.",False,,schemas/by_database/spider_data__bike_1.json,tasks/by_database/spider_data__bike_1.jsonl
spider_data__bike_1,bike_1,bike_micromobility,共享单车,task_000082,"For each start station id, what is its name, longitude and average duration of trips started there?",False,,schemas/by_database/spider_data__bike_1.json,tasks/by_database/spider_data__bike_1.jsonl
spider_data__bike_1,bike_1,bike_micromobility,共享单车,task_000083,"For each station, find its latitude and the minimum duration of trips that ended at the station.",False,,schemas/by_database/spider_data__bike_1.json,tasks/by_database/spider_data__bike_1.jsonl
spider_data__bike_1,bike_1,bike_micromobility,共享单车,task_000084,"For each end station id, what is its name, latitude, and minimum duration for trips ended there?",False,,schemas/by_database/spider_data__bike_1.json,tasks/by_database/spider_data__bike_1.jsonl
spider_data__bike_1,bike_1,bike_micromobility,共享单车,task_000085,List all the distinct stations from which a trip of duration below 100 started.,False,,schemas/by_database/spider_data__bike_1.json,tasks/by_database/spider_data__bike_1.jsonl
spider_data__bike_1,bike_1,bike_micromobility,共享单车,task_000086,What are all the different start station names for a trip that lasted less than 100?,False,,schemas/by_database/spider_data__bike_1.json,tasks/by_database/spider_data__bike_1.jsonl
spider_data__bike_1,bike_1,bike_micromobility,共享单车,task_000087,Find all the zip codes in which the max dew point have never reached 70.,False,,schemas/by_database/spider_data__bike_1.json,tasks/by_database/spider_data__bike_1.jsonl
spider_data__bike_1,bike_1,bike_micromobility,共享单车,task_000088,What are all the different zip codes that have a maximum dew point that was always below 70?,False,,schemas/by_database/spider_data__bike_1.json,tasks/by_database/spider_data__bike_1.jsonl
spider_data__bike_1,bike_1,bike_micromobility,共享单车,task_000089,Find the id for the trips that lasted at least as long as the average duration of trips in zip code 94103.,False,,schemas/by_database/spider_data__bike_1.json,tasks/by_database/spider_data__bike_1.jsonl
spider_data__bike_1,bike_1,bike_micromobility,共享单车,task_000090,What are the ids of all trips that had a duration as long as the average trip duration in the zip code 94103?,False,,schemas/by_database/spider_data__bike_1.json,tasks/by_database/spider_data__bike_1.jsonl
spider_data__bike_1,bike_1,bike_micromobility,共享单车,task_000091,What are the dates in which the mean sea level pressure was between 30.3 and 31?,False,,schemas/by_database/spider_data__bike_1.json,tasks/by_database/spider_data__bike_1.jsonl
spider_data__bike_1,bike_1,bike_micromobility,共享单车,task_000092,What are the dates that have an average sea level pressure between 30.3 and 31?,False,,schemas/by_database/spider_data__bike_1.json,tasks/by_database/spider_data__bike_1.jsonl
spider_data__bike_1,bike_1,bike_micromobility,共享单车,task_000093,Find the day in which the difference between the max temperature and min temperature was the smallest. Also report the difference.,False,,schemas/by_database/spider_data__bike_1.json,tasks/by_database/spider_data__bike_1.jsonl
spider_data__bike_1,bike_1,bike_micromobility,共享单车,task_000094,"What are the days that had the smallest temperature range, and what was that range?",True,sql,schemas/by_database/spider_data__bike_1.json,tasks/by_database/spider_data__bike_1.jsonl
spider_data__bike_1,bike_1,bike_micromobility,共享单车,task_000095,What are the id and name of the stations that have ever had more than 12 bikes available?,False,,schemas/by_database/spider_data__bike_1.json,tasks/by_database/spider_data__bike_1.jsonl
spider_data__bike_1,bike_1,bike_micromobility,共享单车,task_000096,What are the different ids and names of the stations that have had more than 12 bikes available?,False,,schemas/by_database/spider_data__bike_1.json,tasks/by_database/spider_data__bike_1.jsonl
spider_data__bike_1,bike_1,bike_micromobility,共享单车,task_000097,Give me the zip code where the average mean humidity is below 70 and at least 100 trips took place.,False,,schemas/by_database/spider_data__bike_1.json,tasks/by_database/spider_data__bike_1.jsonl
spider_data__bike_1,bike_1,bike_micromobility,共享单车,task_000098,What are the zip codes that have an average mean humidity below 70 and had at least 100 trips come through there?,False,,schemas/by_database/spider_data__bike_1.json,tasks/by_database/spider_data__bike_1.jsonl
spider_data__bike_1,bike_1,bike_micromobility,共享单车,task_000099,What are the names of stations that are located in Palo Alto city but have never been the ending point of trips more than 100 times?,False,,schemas/by_database/spider_data__bike_1.json,tasks/by_database/spider_data__bike_1.jsonl
spider_data__bike_1,bike_1,bike_micromobility,共享单车,task_000100,What are the names of the stations that are located in Palo Alto but have never been the ending point of the trips,True,sql,schemas/by_database/spider_data__bike_1.json,tasks/by_database/spider_data__bike_1.jsonl
spider_data__bike_1,bike_1,bike_micromobility,共享单车,task_000101,How many trips started from Mountain View city and ended at Palo Alto city?,False,,schemas/by_database/spider_data__bike_1.json,tasks/by_database/spider_data__bike_1.jsonl
spider_data__bike_1,bike_1,bike_micromobility,共享单车,task_000102,How many trips stated from  a station in Mountain View and ended at one in Palo Alto?,False,,schemas/by_database/spider_data__bike_1.json,tasks/by_database/spider_data__bike_1.jsonl
spider_data__bike_1,bike_1,bike_micromobility,共享单车,task_000103,What is the average latitude and longitude of the starting points of all trips?,False,,schemas/by_database/spider_data__bike_1.json,tasks/by_database/spider_data__bike_1.jsonl
spider_data__bike_1,bike_1,bike_micromobility,共享单车,task_000104,What is the average latitude and longitude of all starting stations for the trips?,False,,schemas/by_database/spider_data__bike_1.json,tasks/by_database/spider_data__bike_1.jsonl
spider_data__flight_1,flight_1,aviation_airport,机场航空,task_000105,How many aircrafts do we have?,False,,schemas/by_database/spider_data__flight_1.json,tasks/by_database/spider_data__flight_1.jsonl
spider_data__flight_1,flight_1,aviation_airport,机场航空,task_000106,How many aircrafts exist in the database?,False,,schemas/by_database/spider_data__flight_1.json,tasks/by_database/spider_data__flight_1.jsonl
spider_data__flight_1,flight_1,aviation_airport,机场航空,task_000107,Show name and distance for all aircrafts.,False,,schemas/by_database/spider_data__flight_1.json,tasks/by_database/spider_data__flight_1.jsonl
spider_data__flight_1,flight_1,aviation_airport,机场航空,task_000108,What are the names and distances for all airplanes?,False,,schemas/by_database/spider_data__flight_1.json,tasks/by_database/spider_data__flight_1.jsonl
spider_data__flight_1,flight_1,aviation_airport,机场航空,task_000109,Show ids for all aircrafts with more than 1000 distance.,False,,schemas/by_database/spider_data__flight_1.json,tasks/by_database/spider_data__flight_1.jsonl
spider_data__flight_1,flight_1,aviation_airport,机场航空,task_000110,What are the ids of all aircrafts that can cover a distance of more than 1000?,False,,schemas/by_database/spider_data__flight_1.json,tasks/by_database/spider_data__flight_1.jsonl
spider_data__flight_1,flight_1,aviation_airport,机场航空,task_000111,How many aircrafts have distance between 1000 and 5000?,False,,schemas/by_database/spider_data__flight_1.json,tasks/by_database/spider_data__flight_1.jsonl
spider_data__flight_1,flight_1,aviation_airport,机场航空,task_000112,What is the count of aircrafts that have a distance between 1000 and 5000?,False,,schemas/by_database/spider_data__flight_1.json,tasks/by_database/spider_data__flight_1.jsonl
spider_data__flight_1,flight_1,aviation_airport,机场航空,task_000113,What is the name and distance for aircraft with id 12?,False,,schemas/by_database/spider_data__flight_1.json,tasks/by_database/spider_data__flight_1.jsonl
spider_data__flight_1,flight_1,aviation_airport,机场航空,task_000114,What is the name and distance for the aircraft that has an id of 12?,False,,schemas/by_database/spider_data__flight_1.json,tasks/by_database/spider_data__flight_1.jsonl
spider_data__flight_1,flight_1,aviation_airport,机场航空,task_000115,"What is the minimum, average, and maximum distance of all aircrafts.",False,,schemas/by_database/spider_data__flight_1.json,tasks/by_database/spider_data__flight_1.jsonl
spider_data__flight_1,flight_1,aviation_airport,机场航空,task_000116,"Return the minimum, average and maximum distances traveled across all aircrafts.",False,,schemas/by_database/spider_data__flight_1.json,tasks/by_database/spider_data__flight_1.jsonl
spider_data__flight_1,flight_1,aviation_airport,机场航空,task_000117,Show the id and name of the aircraft with the maximum distance.,False,,schemas/by_database/spider_data__flight_1.json,tasks/by_database/spider_data__flight_1.jsonl
spider_data__flight_1,flight_1,aviation_airport,机场航空,task_000118,What is the id and name of the aircraft that can cover the maximum distance?,False,,schemas/by_database/spider_data__flight_1.json,tasks/by_database/spider_data__flight_1.jsonl
spider_data__flight_1,flight_1,aviation_airport,机场航空,task_000119,Show the name of aircrafts with top three lowest distances.,False,,schemas/by_database/spider_data__flight_1.json,tasks/by_database/spider_data__flight_1.jsonl
spider_data__flight_1,flight_1,aviation_airport,机场航空,task_000120,What are the aircrafts with top 3 shortest lengthes? List their names.,False,,schemas/by_database/spider_data__flight_1.json,tasks/by_database/spider_data__flight_1.jsonl
spider_data__flight_1,flight_1,aviation_airport,机场航空,task_000121,Show names for all aircrafts with distances more than the average.,False,,schemas/by_database/spider_data__flight_1.json,tasks/by_database/spider_data__flight_1.jsonl
spider_data__flight_1,flight_1,aviation_airport,机场航空,task_000122,What are the names of all aircrafts that can cover more distances than average?,False,,schemas/by_database/spider_data__flight_1.json,tasks/by_database/spider_data__flight_1.jsonl
spider_data__flight_1,flight_1,aviation_airport,机场航空,task_000123,How many employees do we have?,False,,schemas/by_database/spider_data__flight_1.json,tasks/by_database/spider_data__flight_1.jsonl
spider_data__flight_1,flight_1,aviation_airport,机场航空,task_000124,What is the number of employees?,False,,schemas/by_database/spider_data__flight_1.json,tasks/by_database/spider_data__flight_1.jsonl
spider_data__flight_1,flight_1,aviation_airport,机场航空,task_000125,Show name and salary for all employees sorted by salary.,False,,schemas/by_database/spider_data__flight_1.json,tasks/by_database/spider_data__flight_1.jsonl
spider_data__flight_1,flight_1,aviation_airport,机场航空,task_000126,What is the name and salary of all employees in order of salary?,False,,schemas/by_database/spider_data__flight_1.json,tasks/by_database/spider_data__flight_1.jsonl
spider_data__flight_1,flight_1,aviation_airport,机场航空,task_000127,Show ids for all employees with at least 100000 salary.,False,,schemas/by_database/spider_data__flight_1.json,tasks/by_database/spider_data__flight_1.jsonl
spider_data__flight_1,flight_1,aviation_airport,机场航空,task_000128,What is the id of every employee who has at least a salary of  100000?,False,,schemas/by_database/spider_data__flight_1.json,tasks/by_database/spider_data__flight_1.jsonl
spider_data__flight_1,flight_1,aviation_airport,机场航空,task_000129,How many employees have salary between 100000 and 200000?,False,,schemas/by_database/spider_data__flight_1.json,tasks/by_database/spider_data__flight_1.jsonl
spider_data__flight_1,flight_1,aviation_airport,机场航空,task_000130,What is the number of employees that have a salary between 100000 and 200000?,False,,schemas/by_database/spider_data__flight_1.json,tasks/by_database/spider_data__flight_1.jsonl
spider_data__flight_1,flight_1,aviation_airport,机场航空,task_000131,What is the name and salary for employee with id 242518965?,False,,schemas/by_database/spider_data__flight_1.json,tasks/by_database/spider_data__flight_1.jsonl
spider_data__flight_1,flight_1,aviation_airport,机场航空,task_000132,What is the name and salary of the employee with the id 242518965?,False,,schemas/by_database/spider_data__flight_1.json,tasks/by_database/spider_data__flight_1.jsonl
spider_data__flight_1,flight_1,aviation_airport,机场航空,task_000133,What is average and maximum salary of all employees.,False,,schemas/by_database/spider_data__flight_1.json,tasks/by_database/spider_data__flight_1.jsonl
spider_data__flight_1,flight_1,aviation_airport,机场航空,task_000134,What is the average and largest salary of all employees?,False,,schemas/by_database/spider_data__flight_1.json,tasks/by_database/spider_data__flight_1.jsonl
spider_data__flight_1,flight_1,aviation_airport,机场航空,task_000135,Show the id and name of the employee with maximum salary.,False,,schemas/by_database/spider_data__flight_1.json,tasks/by_database/spider_data__flight_1.jsonl
spider_data__flight_1,flight_1,aviation_airport,机场航空,task_000136,What is the id and name of the employee with the highest salary?,False,,schemas/by_database/spider_data__flight_1.json,tasks/by_database/spider_data__flight_1.jsonl
spider_data__flight_1,flight_1,aviation_airport,机场航空,task_000137,Show the name of employees with three lowest salaries.,False,,schemas/by_database/spider_data__flight_1.json,tasks/by_database/spider_data__flight_1.jsonl
spider_data__flight_1,flight_1,aviation_airport,机场航空,task_000138,What is the name of the 3 employees who get paid the least?,False,,schemas/by_database/spider_data__flight_1.json,tasks/by_database/spider_data__flight_1.jsonl
spider_data__flight_1,flight_1,aviation_airport,机场航空,task_000139,Show names for all employees with salary more than the average.,False,,schemas/by_database/spider_data__flight_1.json,tasks/by_database/spider_data__flight_1.jsonl
spider_data__flight_1,flight_1,aviation_airport,机场航空,task_000140,What are the names of all employees who have a salary higher than average?,False,,schemas/by_database/spider_data__flight_1.json,tasks/by_database/spider_data__flight_1.jsonl
spider_data__flight_1,flight_1,aviation_airport,机场航空,task_000141,Show the id and salary of Mark Young.,False,,schemas/by_database/spider_data__flight_1.json,tasks/by_database/spider_data__flight_1.jsonl
spider_data__flight_1,flight_1,aviation_airport,机场航空,task_000142,What is the id and salary of the employee named Mark Young?,False,,schemas/by_database/spider_data__flight_1.json,tasks/by_database/spider_data__flight_1.jsonl
spider_data__flight_1,flight_1,aviation_airport,机场航空,task_000143,How many flights do we have?,False,,schemas/by_database/spider_data__flight_1.json,tasks/by_database/spider_data__flight_1.jsonl
spider_data__flight_1,flight_1,aviation_airport,机场航空,task_000144,What is the number of flights?,False,,schemas/by_database/spider_data__flight_1.json,tasks/by_database/spider_data__flight_1.jsonl
spider_data__flight_1,flight_1,aviation_airport,机场航空,task_000145,"Show flight number, origin, destination of all flights in the alphabetical order of the departure cities.",False,,schemas/by_database/spider_data__flight_1.json,tasks/by_database/spider_data__flight_1.jsonl
spider_data__flight_1,flight_1,aviation_airport,机场航空,task_000146,"What is the flight number, origin, and destination for all flights in alphabetical order by departure cities?",False,,schemas/by_database/spider_data__flight_1.json,tasks/by_database/spider_data__flight_1.jsonl
spider_data__flight_1,flight_1,aviation_airport,机场航空,task_000147,Show all flight number from Los Angeles.,False,,schemas/by_database/spider_data__flight_1.json,tasks/by_database/spider_data__flight_1.jsonl
spider_data__flight_1,flight_1,aviation_airport,机场航空,task_000148,What are the numbers of all flights coming from Los Angeles?,False,,schemas/by_database/spider_data__flight_1.json,tasks/by_database/spider_data__flight_1.jsonl
spider_data__flight_1,flight_1,aviation_airport,机场航空,task_000149,Show origins of all flights with destination Honolulu.,False,,schemas/by_database/spider_data__flight_1.json,tasks/by_database/spider_data__flight_1.jsonl
spider_data__flight_1,flight_1,aviation_airport,机场航空,task_000150,What are the origins of all flights that are headed to Honolulu?,False,,schemas/by_database/spider_data__flight_1.json,tasks/by_database/spider_data__flight_1.jsonl
spider_data__flight_1,flight_1,aviation_airport,机场航空,task_000151,Show me the departure date and arrival date for all flights from Los Angeles to Honolulu.,False,,schemas/by_database/spider_data__flight_1.json,tasks/by_database/spider_data__flight_1.jsonl
spider_data__flight_1,flight_1,aviation_airport,机场航空,task_000152,What are the departure and arrival dates of all flights from LA to Honolulu?,False,,schemas/by_database/spider_data__flight_1.json,tasks/by_database/spider_data__flight_1.jsonl
spider_data__flight_1,flight_1,aviation_airport,机场航空,task_000153,Show flight number for all flights with more than 2000 distance.,False,,schemas/by_database/spider_data__flight_1.json,tasks/by_database/spider_data__flight_1.jsonl
spider_data__flight_1,flight_1,aviation_airport,机场航空,task_000154,What are the numbers of all flights that can cover a distance of more than 2000?,False,,schemas/by_database/spider_data__flight_1.json,tasks/by_database/spider_data__flight_1.jsonl
spider_data__flight_1,flight_1,aviation_airport,机场航空,task_000155,What is the average price for flights from Los Angeles to Honolulu.,False,,schemas/by_database/spider_data__flight_1.json,tasks/by_database/spider_data__flight_1.jsonl
spider_data__flight_1,flight_1,aviation_airport,机场航空,task_000156,What is the average price for flights from LA to Honolulu?,False,,schemas/by_database/spider_data__flight_1.json,tasks/by_database/spider_data__flight_1.jsonl
spider_data__flight_1,flight_1,aviation_airport,机场航空,task_000157,Show origin and destination for flights with price higher than 300.,False,,schemas/by_database/spider_data__flight_1.json,tasks/by_database/spider_data__flight_1.jsonl
spider_data__flight_1,flight_1,aviation_airport,机场航空,task_000158,What is the origin and destination for all flights whose price is higher than 300?,False,,schemas/by_database/spider_data__flight_1.json,tasks/by_database/spider_data__flight_1.jsonl
spider_data__flight_1,flight_1,aviation_airport,机场航空,task_000159,Show the flight number and distance of the flight with maximum price.,False,,schemas/by_database/spider_data__flight_1.json,tasks/by_database/spider_data__flight_1.jsonl
spider_data__flight_1,flight_1,aviation_airport,机场航空,task_000160,What is the flight number and its distance for the one with the maximum price?,False,,schemas/by_database/spider_data__flight_1.json,tasks/by_database/spider_data__flight_1.jsonl
spider_data__flight_1,flight_1,aviation_airport,机场航空,task_000161,Show the flight number of flights with three lowest distances.,False,,schemas/by_database/spider_data__flight_1.json,tasks/by_database/spider_data__flight_1.jsonl
spider_data__flight_1,flight_1,aviation_airport,机场航空,task_000162,What are the numbers of the shortest flights?,True,sql,schemas/by_database/spider_data__flight_1.json,tasks/by_database/spider_data__flight_1.jsonl
spider_data__flight_1,flight_1,aviation_airport,机场航空,task_000163,What is the average distance and average price for flights from Los Angeles.,False,,schemas/by_database/spider_data__flight_1.json,tasks/by_database/spider_data__flight_1.jsonl
spider_data__flight_1,flight_1,aviation_airport,机场航空,task_000164,What is the average distance and price for all flights from LA?,False,,schemas/by_database/spider_data__flight_1.json,tasks/by_database/spider_data__flight_1.jsonl
spider_data__flight_1,flight_1,aviation_airport,机场航空,task_000165,Show all origins and the number of flights from each origin.,False,,schemas/by_database/spider_data__flight_1.json,tasks/by_database/spider_data__flight_1.jsonl
spider_data__flight_1,flight_1,aviation_airport,机场航空,task_000166,"For each origin, how many flights came from there?",False,,schemas/by_database/spider_data__flight_1.json,tasks/by_database/spider_data__flight_1.jsonl
spider_data__flight_1,flight_1,aviation_airport,机场航空,task_000167,Show all destinations and the number of flights to each destination.,False,,schemas/by_database/spider_data__flight_1.json,tasks/by_database/spider_data__flight_1.jsonl
spider_data__flight_1,flight_1,aviation_airport,机场航空,task_000168,What are the destinations and number of flights to each one?,False,,schemas/by_database/spider_data__flight_1.json,tasks/by_database/spider_data__flight_1.jsonl
spider_data__flight_1,flight_1,aviation_airport,机场航空,task_000169,Which origin has most number of flights?,False,,schemas/by_database/spider_data__flight_1.json,tasks/by_database/spider_data__flight_1.jsonl
spider_data__flight_1,flight_1,aviation_airport,机场航空,task_000170,What place has the most flights coming from there?,False,,schemas/by_database/spider_data__flight_1.json,tasks/by_database/spider_data__flight_1.jsonl
spider_data__flight_1,flight_1,aviation_airport,机场航空,task_000171,Which destination has least number of flights?,False,,schemas/by_database/spider_data__flight_1.json,tasks/by_database/spider_data__flight_1.jsonl
spider_data__flight_1,flight_1,aviation_airport,机场航空,task_000172,What destination has the fewest number of flights?,False,,schemas/by_database/spider_data__flight_1.json,tasks/by_database/spider_data__flight_1.jsonl
spider_data__flight_1,flight_1,aviation_airport,机场航空,task_000173,What is the aircraft name for the flight with number 99,False,,schemas/by_database/spider_data__flight_1.json,tasks/by_database/spider_data__flight_1.jsonl
spider_data__flight_1,flight_1,aviation_airport,机场航空,task_000174,What is the name of the aircraft that was on flight number 99?,False,,schemas/by_database/spider_data__flight_1.json,tasks/by_database/spider_data__flight_1.jsonl
spider_data__flight_1,flight_1,aviation_airport,机场航空,task_000175,Show all flight numbers with aircraft Airbus A340-300.,False,,schemas/by_database/spider_data__flight_1.json,tasks/by_database/spider_data__flight_1.jsonl
spider_data__flight_1,flight_1,aviation_airport,机场航空,task_000176,What are the flight numbers for the aircraft Airbus A340-300?,False,,schemas/by_database/spider_data__flight_1.json,tasks/by_database/spider_data__flight_1.jsonl
spider_data__flight_1,flight_1,aviation_airport,机场航空,task_000177,Show aircraft names and number of flights for each aircraft.,False,,schemas/by_database/spider_data__flight_1.json,tasks/by_database/spider_data__flight_1.jsonl
spider_data__flight_1,flight_1,aviation_airport,机场航空,task_000178,What is the name of each aircraft and how many flights does each one complete?,False,,schemas/by_database/spider_data__flight_1.json,tasks/by_database/spider_data__flight_1.jsonl
spider_data__flight_1,flight_1,aviation_airport,机场航空,task_000179,Show names for all aircraft with at least two flights.,False,,schemas/by_database/spider_data__flight_1.json,tasks/by_database/spider_data__flight_1.jsonl
spider_data__flight_1,flight_1,aviation_airport,机场航空,task_000180,What are the names for all aircrafts with at least 2 flights?,False,,schemas/by_database/spider_data__flight_1.json,tasks/by_database/spider_data__flight_1.jsonl
spider_data__flight_1,flight_1,aviation_airport,机场航空,task_000181,How many employees have certificate.,False,,schemas/by_database/spider_data__flight_1.json,tasks/by_database/spider_data__flight_1.jsonl
spider_data__flight_1,flight_1,aviation_airport,机场航空,task_000182,What is the count of distinct employees with certificates?,False,,schemas/by_database/spider_data__flight_1.json,tasks/by_database/spider_data__flight_1.jsonl
spider_data__flight_1,flight_1,aviation_airport,机场航空,task_000183,Show ids for all employees who don't have a certificate.,False,,schemas/by_database/spider_data__flight_1.json,tasks/by_database/spider_data__flight_1.jsonl
spider_data__flight_1,flight_1,aviation_airport,机场航空,task_000184,What are the ids of all employees that don't have certificates?,False,,schemas/by_database/spider_data__flight_1.json,tasks/by_database/spider_data__flight_1.jsonl
spider_data__flight_1,flight_1,aviation_airport,机场航空,task_000185,Show names for all aircrafts of which John Williams has certificates.,False,,schemas/by_database/spider_data__flight_1.json,tasks/by_database/spider_data__flight_1.jsonl
spider_data__flight_1,flight_1,aviation_airport,机场航空,task_000186,What are the names of all aircrafts that John Williams have certificates to be able to fly?,False,,schemas/by_database/spider_data__flight_1.json,tasks/by_database/spider_data__flight_1.jsonl
spider_data__flight_1,flight_1,aviation_airport,机场航空,task_000187,Show names for all employees who have certificate of Boeing 737-800.,False,,schemas/by_database/spider_data__flight_1.json,tasks/by_database/spider_data__flight_1.jsonl
spider_data__flight_1,flight_1,aviation_airport,机场航空,task_000188,What are the names of all employees who have a certificate to fly Boeing 737-800?,False,,schemas/by_database/spider_data__flight_1.json,tasks/by_database/spider_data__flight_1.jsonl
spider_data__flight_1,flight_1,aviation_airport,机场航空,task_000189,Show names for all employees who have certificates on both Boeing 737-800 and Airbus A340-300.,False,,schemas/by_database/spider_data__flight_1.json,tasks/by_database/spider_data__flight_1.jsonl
spider_data__flight_1,flight_1,aviation_airport,机场航空,task_000190,What are the names of all employees who can fly both the Boeing 737-800 and the Airbus A340-300?,False,,schemas/by_database/spider_data__flight_1.json,tasks/by_database/spider_data__flight_1.jsonl
spider_data__flight_1,flight_1,aviation_airport,机场航空,task_000191,Show names for all employees who do not have certificate of Boeing 737-800.,False,,schemas/by_database/spider_data__flight_1.json,tasks/by_database/spider_data__flight_1.jsonl
spider_data__flight_1,flight_1,aviation_airport,机场航空,task_000192,What are the names of all employees who are not certified to fly Boeing 737-800s?,False,,schemas/by_database/spider_data__flight_1.json,tasks/by_database/spider_data__flight_1.jsonl
spider_data__flight_1,flight_1,aviation_airport,机场航空,task_000193,Show the name of aircraft which fewest people have its certificate.,True,sql,schemas/by_database/spider_data__flight_1.json,tasks/by_database/spider_data__flight_1.jsonl
spider_data__flight_1,flight_1,aviation_airport,机场航空,task_000194,What are the names of the aircraft that the least people are certified to fly?,True,sql,schemas/by_database/spider_data__flight_1.json,tasks/by_database/spider_data__flight_1.jsonl
spider_data__flight_1,flight_1,aviation_airport,机场航空,task_000195,Show the name and distance of the aircrafts with more than 5000 distance and which at least 5 people have its certificate.,True,sql,schemas/by_database/spider_data__flight_1.json,tasks/by_database/spider_data__flight_1.jsonl
spider_data__flight_1,flight_1,aviation_airport,机场航空,task_000196,What is the name and distance of every aircraft that can cover a distance of more than 5000 and which at least 5 people can fly?,True,sql,schemas/by_database/spider_data__flight_1.json,tasks/by_database/spider_data__flight_1.jsonl
spider_data__flight_1,flight_1,aviation_airport,机场航空,task_000197,what is the salary and name of the employee who has the most number of aircraft certificates?,False,,schemas/by_database/spider_data__flight_1.json,tasks/by_database/spider_data__flight_1.jsonl
spider_data__flight_1,flight_1,aviation_airport,机场航空,task_000198,What is the salaray and name of the employee that is certified to fly the most planes?,False,,schemas/by_database/spider_data__flight_1.json,tasks/by_database/spider_data__flight_1.jsonl
spider_data__flight_1,flight_1,aviation_airport,机场航空,task_000199,What is the salary and name of the employee who has the most number of certificates on aircrafts with distance more than 5000?,True,sql,schemas/by_database/spider_data__flight_1.json,tasks/by_database/spider_data__flight_1.jsonl
spider_data__flight_1,flight_1,aviation_airport,机场航空,task_000200,What is the salaray and name of the employee with the most certificates to fly planes more than 5000?,True,sql,schemas/by_database/spider_data__flight_1.json,tasks/by_database/spider_data__flight_1.jsonl
spider_data__race_track,race_track,racing_competition,赛车竞赛,task_000201,How many tracks do we have?,False,,schemas/by_database/spider_data__race_track.json,tasks/by_database/spider_data__race_track.jsonl
spider_data__race_track,race_track,racing_competition,赛车竞赛,task_000202,Count the number of tracks.,False,,schemas/by_database/spider_data__race_track.json,tasks/by_database/spider_data__race_track.jsonl
spider_data__race_track,race_track,racing_competition,赛车竞赛,task_000203,Show the name and location for all tracks.,False,,schemas/by_database/spider_data__race_track.json,tasks/by_database/spider_data__race_track.jsonl
spider_data__race_track,race_track,racing_competition,赛车竞赛,task_000204,What are the names and locations of all tracks?,False,,schemas/by_database/spider_data__race_track.json,tasks/by_database/spider_data__race_track.jsonl
spider_data__race_track,race_track,racing_competition,赛车竞赛,task_000205,"Show names and seatings, ordered by seating for all tracks opened after 2000.",False,,schemas/by_database/spider_data__race_track.json,tasks/by_database/spider_data__race_track.jsonl
spider_data__race_track,race_track,racing_competition,赛车竞赛,task_000206,"What are the names and seatings for all tracks opened after 2000, ordered by seating?",False,,schemas/by_database/spider_data__race_track.json,tasks/by_database/spider_data__race_track.jsonl
spider_data__race_track,race_track,racing_competition,赛车竞赛,task_000207,"What is the name, location and seating for the most recently opened track?",False,,schemas/by_database/spider_data__race_track.json,tasks/by_database/spider_data__race_track.jsonl
spider_data__race_track,race_track,racing_competition,赛车竞赛,task_000208,"Return the name, location, and seating of the track that was opened in the most recent year.",False,,schemas/by_database/spider_data__race_track.json,tasks/by_database/spider_data__race_track.jsonl
spider_data__race_track,race_track,racing_competition,赛车竞赛,task_000209,"What is the minimum, maximum, and average seating for all tracks.",False,,schemas/by_database/spider_data__race_track.json,tasks/by_database/spider_data__race_track.jsonl
spider_data__race_track,race_track,racing_competition,赛车竞赛,task_000210,"Return the minimum, maximum, and average seating across all tracks.",False,,schemas/by_database/spider_data__race_track.json,tasks/by_database/spider_data__race_track.jsonl
spider_data__race_track,race_track,racing_competition,赛车竞赛,task_000211,"Show the name, location, open year for all tracks with a seating higher than the average.",False,,schemas/by_database/spider_data__race_track.json,tasks/by_database/spider_data__race_track.jsonl
spider_data__race_track,race_track,racing_competition,赛车竞赛,task_000212,"What are the names, locations, and years of opening for tracks with seating higher than average?",False,,schemas/by_database/spider_data__race_track.json,tasks/by_database/spider_data__race_track.jsonl
spider_data__race_track,race_track,racing_competition,赛车竞赛,task_000213,What are distinct locations where tracks are located?,False,,schemas/by_database/spider_data__race_track.json,tasks/by_database/spider_data__race_track.jsonl
spider_data__race_track,race_track,racing_competition,赛车竞赛,task_000214,Give the different locations of tracks.,False,,schemas/by_database/spider_data__race_track.json,tasks/by_database/spider_data__race_track.jsonl
spider_data__race_track,race_track,racing_competition,赛车竞赛,task_000215,How many races are there?,False,,schemas/by_database/spider_data__race_track.json,tasks/by_database/spider_data__race_track.jsonl
spider_data__race_track,race_track,racing_competition,赛车竞赛,task_000216,Count the number of races.,False,,schemas/by_database/spider_data__race_track.json,tasks/by_database/spider_data__race_track.jsonl
spider_data__race_track,race_track,racing_competition,赛车竞赛,task_000217,What are the distinct classes that races can have?,False,,schemas/by_database/spider_data__race_track.json,tasks/by_database/spider_data__race_track.jsonl
spider_data__race_track,race_track,racing_competition,赛车竞赛,task_000218,Return the different classes of races.,False,,schemas/by_database/spider_data__race_track.json,tasks/by_database/spider_data__race_track.jsonl
spider_data__race_track,race_track,racing_competition,赛车竞赛,task_000219,"Show name, class, and date for all races.",False,,schemas/by_database/spider_data__race_track.json,tasks/by_database/spider_data__race_track.jsonl
spider_data__race_track,race_track,racing_competition,赛车竞赛,task_000220,"What are the names, classes, and dates for all races?",False,,schemas/by_database/spider_data__race_track.json,tasks/by_database/spider_data__race_track.jsonl
spider_data__race_track,race_track,racing_competition,赛车竞赛,task_000221,Show the race class and number of races in each class.,False,,schemas/by_database/spider_data__race_track.json,tasks/by_database/spider_data__race_track.jsonl
spider_data__race_track,race_track,racing_competition,赛车竞赛,task_000222,"What are the different classes of races, and how many races correspond to each?",False,,schemas/by_database/spider_data__race_track.json,tasks/by_database/spider_data__race_track.jsonl
spider_data__race_track,race_track,racing_competition,赛车竞赛,task_000223,What is the race class with most number of races.,False,,schemas/by_database/spider_data__race_track.json,tasks/by_database/spider_data__race_track.jsonl
spider_data__race_track,race_track,racing_competition,赛车竞赛,task_000224,Give the class of races that is most common.,False,,schemas/by_database/spider_data__race_track.json,tasks/by_database/spider_data__race_track.jsonl
spider_data__race_track,race_track,racing_competition,赛车竞赛,task_000225,List the race class with at least two races.,False,,schemas/by_database/spider_data__race_track.json,tasks/by_database/spider_data__race_track.jsonl
spider_data__race_track,race_track,racing_competition,赛车竞赛,task_000226,What are the classes of races that have two or more corresponding races?,False,,schemas/by_database/spider_data__race_track.json,tasks/by_database/spider_data__race_track.jsonl
spider_data__race_track,race_track,racing_competition,赛车竞赛,task_000227,What are the names for tracks without a race in class 'GT'.,False,,schemas/by_database/spider_data__race_track.json,tasks/by_database/spider_data__race_track.jsonl
spider_data__race_track,race_track,racing_competition,赛车竞赛,task_000228,Give the names of tracks that do not have a race in the class 'GT'.,False,,schemas/by_database/spider_data__race_track.json,tasks/by_database/spider_data__race_track.jsonl
spider_data__race_track,race_track,racing_competition,赛车竞赛,task_000229,Show all track names that have had no races.,False,,schemas/by_database/spider_data__race_track.json,tasks/by_database/spider_data__race_track.jsonl
spider_data__race_track,race_track,racing_competition,赛车竞赛,task_000230,Return the names of tracks that have no had any races.,False,,schemas/by_database/spider_data__race_track.json,tasks/by_database/spider_data__race_track.jsonl
spider_data__race_track,race_track,racing_competition,赛车竞赛,task_000231,Show year where a track with a seating at least 5000 opened and a track with seating no more than 4000 opened.,False,,schemas/by_database/spider_data__race_track.json,tasks/by_database/spider_data__race_track.jsonl
spider_data__race_track,race_track,racing_competition,赛车竞赛,task_000232,What are the years of opening for tracks with seating between 4000 and 5000?,False,,schemas/by_database/spider_data__race_track.json,tasks/by_database/spider_data__race_track.jsonl
spider_data__race_track,race_track,racing_competition,赛车竞赛,task_000233,Show the name of track and the number of races in each track.,True,sql,schemas/by_database/spider_data__race_track.json,tasks/by_database/spider_data__race_track.jsonl
spider_data__race_track,race_track,racing_competition,赛车竞赛,task_000234,"What are the names of different tracks, and how many races has each had?",True,sql,schemas/by_database/spider_data__race_track.json,tasks/by_database/spider_data__race_track.jsonl
spider_data__race_track,race_track,racing_competition,赛车竞赛,task_000235,Show the name of track with most number of races.,False,,schemas/by_database/spider_data__race_track.json,tasks/by_database/spider_data__race_track.jsonl
spider_data__race_track,race_track,racing_competition,赛车竞赛,task_000236,What is the name of the track that has had the greatest number of races?,False,,schemas/by_database/spider_data__race_track.json,tasks/by_database/spider_data__race_track.jsonl
spider_data__race_track,race_track,racing_competition,赛车竞赛,task_000237,Show the name and date for each race and its track name.,False,,schemas/by_database/spider_data__race_track.json,tasks/by_database/spider_data__race_track.jsonl
spider_data__race_track,race_track,racing_competition,赛车竞赛,task_000238,"What are the names and dates of races, and the names of the tracks where they are held?",False,,schemas/by_database/spider_data__race_track.json,tasks/by_database/spider_data__race_track.jsonl
spider_data__race_track,race_track,racing_competition,赛车竞赛,task_000239,Show the name and location of track with 1 race.,False,,schemas/by_database/spider_data__race_track.json,tasks/by_database/spider_data__race_track.jsonl
spider_data__race_track,race_track,racing_competition,赛车竞赛,task_000240,What are the names and locations of tracks that have had exactly 1 race?,False,,schemas/by_database/spider_data__race_track.json,tasks/by_database/spider_data__race_track.jsonl
spider_data__race_track,race_track,racing_competition,赛车竞赛,task_000241,Find the locations where have both tracks with more than 90000 seats and tracks with less than 70000 seats.,False,,schemas/by_database/spider_data__race_track.json,tasks/by_database/spider_data__race_track.jsonl
spider_data__race_track,race_track,racing_competition,赛车竞赛,task_000242,"What are the locations that have both tracks with more than 90000 seats, and tracks with fewer than 70000 seats?",False,,schemas/by_database/spider_data__race_track.json,tasks/by_database/spider_data__race_track.jsonl
spider_data__pilot_record,pilot_record,aviation_airport,机场航空,task_000243,How many pilots are there?,False,,schemas/by_database/spider_data__pilot_record.json,tasks/by_database/spider_data__pilot_record.jsonl
spider_data__pilot_record,pilot_record,aviation_airport,机场航空,task_000244,List the names of pilots in ascending order of rank.,False,,schemas/by_database/spider_data__pilot_record.json,tasks/by_database/spider_data__pilot_record.jsonl
spider_data__pilot_record,pilot_record,aviation_airport,机场航空,task_000245,What are the positions and teams of pilots?,False,,schemas/by_database/spider_data__pilot_record.json,tasks/by_database/spider_data__pilot_record.jsonl
spider_data__pilot_record,pilot_record,aviation_airport,机场航空,task_000246,List the distinct positions of pilots older than 30.,False,,schemas/by_database/spider_data__pilot_record.json,tasks/by_database/spider_data__pilot_record.jsonl
spider_data__pilot_record,pilot_record,aviation_airport,机场航空,task_000247,"Show the names of pilots from team ""Bradley"" or ""Fordham"".",False,,schemas/by_database/spider_data__pilot_record.json,tasks/by_database/spider_data__pilot_record.jsonl
spider_data__pilot_record,pilot_record,aviation_airport,机场航空,task_000248,What is the joined year of the pilot of the highest rank?,False,,schemas/by_database/spider_data__pilot_record.json,tasks/by_database/spider_data__pilot_record.jsonl
spider_data__pilot_record,pilot_record,aviation_airport,机场航空,task_000249,What are the different nationalities of pilots? Show each nationality and the number of pilots of each nationality.,False,,schemas/by_database/spider_data__pilot_record.json,tasks/by_database/spider_data__pilot_record.jsonl
spider_data__pilot_record,pilot_record,aviation_airport,机场航空,task_000250,Show the most common nationality of pilots.,False,,schemas/by_database/spider_data__pilot_record.json,tasks/by_database/spider_data__pilot_record.jsonl
spider_data__pilot_record,pilot_record,aviation_airport,机场航空,task_000251,Show the pilot positions that have both pilots joining after year 2005 and pilots joining before 2000.,False,,schemas/by_database/spider_data__pilot_record.json,tasks/by_database/spider_data__pilot_record.jsonl
spider_data__pilot_record,pilot_record,aviation_airport,机场航空,task_000252,Show the names of pilots and models of aircrafts they have flied with.,False,,schemas/by_database/spider_data__pilot_record.json,tasks/by_database/spider_data__pilot_record.jsonl
spider_data__pilot_record,pilot_record,aviation_airport,机场航空,task_000253,Show the names of pilots and fleet series of the aircrafts they have flied with in ascending order of the rank of the pilot.,False,,schemas/by_database/spider_data__pilot_record.json,tasks/by_database/spider_data__pilot_record.jsonl
spider_data__pilot_record,pilot_record,aviation_airport,机场航空,task_000254,Show the fleet series of the aircrafts flied by pilots younger than 34,False,,schemas/by_database/spider_data__pilot_record.json,tasks/by_database/spider_data__pilot_record.jsonl
spider_data__pilot_record,pilot_record,aviation_airport,机场航空,task_000255,Show the names of pilots and the number of records they have.,True,sql,schemas/by_database/spider_data__pilot_record.json,tasks/by_database/spider_data__pilot_record.jsonl
spider_data__pilot_record,pilot_record,aviation_airport,机场航空,task_000256,Show names of pilots that have more than one record.,False,,schemas/by_database/spider_data__pilot_record.json,tasks/by_database/spider_data__pilot_record.jsonl
spider_data__pilot_record,pilot_record,aviation_airport,机场航空,task_000257,List the names of pilots that do not have any record.,False,,schemas/by_database/spider_data__pilot_record.json,tasks/by_database/spider_data__pilot_record.jsonl
spider_data__formula_1,formula_1,racing_competition,赛车竞赛,task_000258,What is the name of the race held most recently?,False,,schemas/by_database/spider_data__formula_1.json,tasks/by_database/spider_data__formula_1.jsonl
spider_data__formula_1,formula_1,racing_competition,赛车竞赛,task_000259,What is the name of the race that occurred most recently?,False,,schemas/by_database/spider_data__formula_1.json,tasks/by_database/spider_data__formula_1.jsonl
spider_data__formula_1,formula_1,racing_competition,赛车竞赛,task_000260,What is the name and date of the most recent race?,False,,schemas/by_database/spider_data__formula_1.json,tasks/by_database/spider_data__formula_1.jsonl
spider_data__formula_1,formula_1,racing_competition,赛车竞赛,task_000261,What is the name and date of the race that occurred most recently?,False,,schemas/by_database/spider_data__formula_1.json,tasks/by_database/spider_data__formula_1.jsonl
spider_data__formula_1,formula_1,racing_competition,赛车竞赛,task_000262,Find the names of all races held in 2017.,False,,schemas/by_database/spider_data__formula_1.json,tasks/by_database/spider_data__formula_1.jsonl
spider_data__formula_1,formula_1,racing_competition,赛车竞赛,task_000263,What are the names of all the races that occurred in the year 2017?,False,,schemas/by_database/spider_data__formula_1.json,tasks/by_database/spider_data__formula_1.jsonl
spider_data__formula_1,formula_1,racing_competition,赛车竞赛,task_000264,Find the distinct names of all races held between 2014 and 2017?,False,,schemas/by_database/spider_data__formula_1.json,tasks/by_database/spider_data__formula_1.jsonl
spider_data__formula_1,formula_1,racing_competition,赛车竞赛,task_000265,What are the unique names of all race held between 2014 and 2017?,False,,schemas/by_database/spider_data__formula_1.json,tasks/by_database/spider_data__formula_1.jsonl
spider_data__formula_1,formula_1,racing_competition,赛车竞赛,task_000266,List the forename and surname of all distinct drivers who once had laptime less than 93000 milliseconds?,False,,schemas/by_database/spider_data__formula_1.json,tasks/by_database/spider_data__formula_1.jsonl
spider_data__formula_1,formula_1,racing_competition,赛车竞赛,task_000267,What are the forenames and surnames of all unique drivers who had a lap time of less than 93000 milliseconds?,False,,schemas/by_database/spider_data__formula_1.json,tasks/by_database/spider_data__formula_1.jsonl
spider_data__formula_1,formula_1,racing_competition,赛车竞赛,task_000268,Find all the distinct id and nationality of drivers who have had laptime more than 100000 milliseconds?,False,,schemas/by_database/spider_data__formula_1.json,tasks/by_database/spider_data__formula_1.jsonl
spider_data__formula_1,formula_1,racing_competition,赛车竞赛,task_000269,What are the different driver ids and nationalities of all drivers who had a laptime of more than 100000 milliseconds?,False,,schemas/by_database/spider_data__formula_1.json,tasks/by_database/spider_data__formula_1.jsonl
spider_data__formula_1,formula_1,racing_competition,赛车竞赛,task_000270,What are the forename and surname of the driver who has the smallest laptime?,False,,schemas/by_database/spider_data__formula_1.json,tasks/by_database/spider_data__formula_1.jsonl
spider_data__formula_1,formula_1,racing_competition,赛车竞赛,task_000271,What is the forename and surname of the driver with the shortest laptime?,False,,schemas/by_database/spider_data__formula_1.json,tasks/by_database/spider_data__formula_1.jsonl
spider_data__formula_1,formula_1,racing_competition,赛车竞赛,task_000272,What is the id and family name of the driver who has the longest laptime?,False,,schemas/by_database/spider_data__formula_1.json,tasks/by_database/spider_data__formula_1.jsonl
spider_data__formula_1,formula_1,racing_competition,赛车竞赛,task_000273,What is the id and last name of the driver with the longest laptime?,False,,schemas/by_database/spider_data__formula_1.json,tasks/by_database/spider_data__formula_1.jsonl
spider_data__formula_1,formula_1,racing_competition,赛车竞赛,task_000274,"What is the id, forname and surname of the driver who had the first position in terms of laptime at least twice?",False,,schemas/by_database/spider_data__formula_1.json,tasks/by_database/spider_data__formula_1.jsonl
spider_data__formula_1,formula_1,racing_competition,赛车竞赛,task_000275,"What is the id, first name, and last name of the driver who was in the first position for laptime at least twice?",False,,schemas/by_database/spider_data__formula_1.json,tasks/by_database/spider_data__formula_1.jsonl
spider_data__formula_1,formula_1,racing_competition,赛车竞赛,task_000276,How many drivers participated in the race Australian Grand Prix held in 2009?,False,,schemas/by_database/spider_data__formula_1.json,tasks/by_database/spider_data__formula_1.jsonl
spider_data__formula_1,formula_1,racing_competition,赛车竞赛,task_000277,How many drivers were in the Australian Grand Prix held in 2009?,False,,schemas/by_database/spider_data__formula_1.json,tasks/by_database/spider_data__formula_1.jsonl
spider_data__formula_1,formula_1,racing_competition,赛车竞赛,task_000278,How many drivers did not participate in the races held in 2009?,True,sql,schemas/by_database/spider_data__formula_1.json,tasks/by_database/spider_data__formula_1.jsonl
spider_data__formula_1,formula_1,racing_competition,赛车竞赛,task_000279,How many drivers did not race in 2009?,True,sql,schemas/by_database/spider_data__formula_1.json,tasks/by_database/spider_data__formula_1.jsonl
spider_data__formula_1,formula_1,racing_competition,赛车竞赛,task_000280,Give me a list of names and years of races that had any driver whose forename is Lewis?,False,,schemas/by_database/spider_data__formula_1.json,tasks/by_database/spider_data__formula_1.jsonl
spider_data__formula_1,formula_1,racing_competition,赛车竞赛,task_000281,What are the names and years of all races that had a driver with the last name Lewis?,True,sql,schemas/by_database/spider_data__formula_1.json,tasks/by_database/spider_data__formula_1.jsonl
spider_data__formula_1,formula_1,racing_competition,赛车竞赛,task_000282,Find the forename and surname of drivers whose nationality is German?,False,,schemas/by_database/spider_data__formula_1.json,tasks/by_database/spider_data__formula_1.jsonl
spider_data__formula_1,formula_1,racing_competition,赛车竞赛,task_000283,What is the first and last name of all the German drivers?,False,,schemas/by_database/spider_data__formula_1.json,tasks/by_database/spider_data__formula_1.jsonl
spider_data__formula_1,formula_1,racing_competition,赛车竞赛,task_000284,Find the id and forenames of drivers who participated both the races with name Australian Grand Prix and the races with name Chinese Grand Prix?,False,,schemas/by_database/spider_data__formula_1.json,tasks/by_database/spider_data__formula_1.jsonl
spider_data__formula_1,formula_1,racing_competition,赛车竞赛,task_000285,What is the id and first name of all the drivers who participated in the Australian Grand Prix and the Chinese Grand Prix?,False,,schemas/by_database/spider_data__formula_1.json,tasks/by_database/spider_data__formula_1.jsonl
spider_data__formula_1,formula_1,racing_competition,赛车竞赛,task_000286,What are the forenames and surnames of drivers who participated in the races named Australian Grand Prix but not the races named Chinese Grand Prix?,False,,schemas/by_database/spider_data__formula_1.json,tasks/by_database/spider_data__formula_1.jsonl
spider_data__formula_1,formula_1,racing_competition,赛车竞赛,task_000287,What are the first and last names of all drivers who participated in the Australian Grand Prix but not the Chinese Grand Prix?,False,,schemas/by_database/spider_data__formula_1.json,tasks/by_database/spider_data__formula_1.jsonl
spider_data__formula_1,formula_1,racing_competition,赛车竞赛,task_000288,Find all the forenames of distinct drivers who was in position 1 as standing and won?,True,sql,schemas/by_database/spider_data__formula_1.json,tasks/by_database/spider_data__formula_1.jsonl
spider_data__formula_1,formula_1,racing_competition,赛车竞赛,task_000289,What are all the different first names of the drivers who are in position as standing and won?,True,sql,schemas/by_database/spider_data__formula_1.json,tasks/by_database/spider_data__formula_1.jsonl
spider_data__formula_1,formula_1,racing_competition,赛车竞赛,task_000290,Find all the forenames of distinct drivers who won in position 1 as driver standing and had more than 20 points?,False,,schemas/by_database/spider_data__formula_1.json,tasks/by_database/spider_data__formula_1.jsonl
spider_data__formula_1,formula_1,racing_competition,赛车竞赛,task_000291,What are the first names of the different drivers who won in position 1 as driver standing and had more than 20 points?,False,,schemas/by_database/spider_data__formula_1.json,tasks/by_database/spider_data__formula_1.jsonl
spider_data__formula_1,formula_1,racing_competition,赛车竞赛,task_000292,What are the numbers of constructors for different nationalities?,False,,schemas/by_database/spider_data__formula_1.json,tasks/by_database/spider_data__formula_1.jsonl
spider_data__formula_1,formula_1,racing_competition,赛车竞赛,task_000293,"For each nationality, how many different constructors are there?",False,,schemas/by_database/spider_data__formula_1.json,tasks/by_database/spider_data__formula_1.jsonl
spider_data__formula_1,formula_1,racing_competition,赛车竞赛,task_000294,What are the numbers of races for each constructor id?,False,,schemas/by_database/spider_data__formula_1.json,tasks/by_database/spider_data__formula_1.jsonl
spider_data__formula_1,formula_1,racing_competition,赛车竞赛,task_000295,"For each constructor id, how many races are there?",False,,schemas/by_database/spider_data__formula_1.json,tasks/by_database/spider_data__formula_1.jsonl
spider_data__formula_1,formula_1,racing_competition,赛车竞赛,task_000296,What are the names of races that were held after 2017 and the circuits were in the country of Spain?,False,,schemas/by_database/spider_data__formula_1.json,tasks/by_database/spider_data__formula_1.jsonl
spider_data__formula_1,formula_1,racing_competition,赛车竞赛,task_000297,What are the names of the races held after 2017 in Spain?,False,,schemas/by_database/spider_data__formula_1.json,tasks/by_database/spider_data__formula_1.jsonl
spider_data__formula_1,formula_1,racing_competition,赛车竞赛,task_000298,What are the unique names of races that held after 2000 and the circuits were in Spain?,False,,schemas/by_database/spider_data__formula_1.json,tasks/by_database/spider_data__formula_1.jsonl
spider_data__formula_1,formula_1,racing_competition,赛车竞赛,task_000299,What are the distinct names of all races held after 2000 in Spain?,True,question,schemas/by_database/spider_data__formula_1.json,tasks/by_database/spider_data__formula_1.jsonl
spider_data__formula_1,formula_1,racing_competition,赛车竞赛,task_000300,Find the distinct driver id and the stop number of all drivers that have a shorter pit stop duration than some drivers in the race with id 841.,False,,schemas/by_database/spider_data__formula_1.json,tasks/by_database/spider_data__formula_1.jsonl
spider_data__formula_1,formula_1,racing_competition,赛车竞赛,task_000301,What is the id and stop number for each driver that has a shorter pit stop than the driver in the race with id 841?,False,,schemas/by_database/spider_data__formula_1.json,tasks/by_database/spider_data__formula_1.jsonl
spider_data__formula_1,formula_1,racing_competition,赛车竞赛,task_000302,Find the distinct driver id of all drivers that have a longer stop duration than some drivers in the race whose id is 841?,True,sql,schemas/by_database/spider_data__formula_1.json,tasks/by_database/spider_data__formula_1.jsonl
spider_data__formula_1,formula_1,racing_competition,赛车竞赛,task_000303,What are the different ids and stop durations of all the drivers whose stop lasted longer than the driver in the race with the id 841?,False,,schemas/by_database/spider_data__formula_1.json,tasks/by_database/spider_data__formula_1.jsonl
spider_data__formula_1,formula_1,racing_competition,赛车竞赛,task_000304,List the forenames of all distinct drivers in alphabetical order?,False,,schemas/by_database/spider_data__formula_1.json,tasks/by_database/spider_data__formula_1.jsonl
spider_data__formula_1,formula_1,racing_competition,赛车竞赛,task_000305,What are the first names of all the different drivers in alphabetical order?,False,,schemas/by_database/spider_data__formula_1.json,tasks/by_database/spider_data__formula_1.jsonl
spider_data__formula_1,formula_1,racing_competition,赛车竞赛,task_000306,List the names of all distinct races in reversed  lexicographic order?,False,,schemas/by_database/spider_data__formula_1.json,tasks/by_database/spider_data__formula_1.jsonl
spider_data__formula_1,formula_1,racing_competition,赛车竞赛,task_000307,What are the different names of all the races in reverse alphabetical order?,False,,schemas/by_database/spider_data__formula_1.json,tasks/by_database/spider_data__formula_1.jsonl
spider_data__formula_1,formula_1,racing_competition,赛车竞赛,task_000308,What are the names of races held between 2009 and 2011?,False,,schemas/by_database/spider_data__formula_1.json,tasks/by_database/spider_data__formula_1.jsonl
spider_data__formula_1,formula_1,racing_competition,赛车竞赛,task_000309,What are the names of all races held between 2009 and 2011?,False,,schemas/by_database/spider_data__formula_1.json,tasks/by_database/spider_data__formula_1.jsonl
spider_data__formula_1,formula_1,racing_competition,赛车竞赛,task_000310,What are the names of races held after 12:00:00 or before 09:00:00?,False,,schemas/by_database/spider_data__formula_1.json,tasks/by_database/spider_data__formula_1.jsonl
spider_data__formula_1,formula_1,racing_competition,赛车竞赛,task_000311,What are the names of all races that occurred after 12:00:00 or before 09:00:00?,False,,schemas/by_database/spider_data__formula_1.json,tasks/by_database/spider_data__formula_1.jsonl
spider_data__formula_1,formula_1,racing_competition,赛车竞赛,task_000312,"What are the drivers' first, last names and id who had more than 8 pit stops or participated in more than 5 race results?",False,,schemas/by_database/spider_data__formula_1.json,tasks/by_database/spider_data__formula_1.jsonl
spider_data__formula_1,formula_1,racing_competition,赛车竞赛,task_000313,"What are the drivers' first names,last names, and ids for all those that had more than 8 stops or participated in more than 5 races?",False,,schemas/by_database/spider_data__formula_1.json,tasks/by_database/spider_data__formula_1.jsonl
spider_data__formula_1,formula_1,racing_competition,赛车竞赛,task_000314,What are the drivers' last names and id who had 11 pit stops and participated in more than 5 race results?,False,,schemas/by_database/spider_data__formula_1.json,tasks/by_database/spider_data__formula_1.jsonl
spider_data__formula_1,formula_1,racing_competition,赛车竞赛,task_000315,What are the last names and ids of all drivers who had 11 pit stops and participated in more than 5 races?,False,,schemas/by_database/spider_data__formula_1.json,tasks/by_database/spider_data__formula_1.jsonl
spider_data__formula_1,formula_1,racing_competition,赛车竞赛,task_000316,What is the id and last name of the driver who participated in the most races after 2010?,False,,schemas/by_database/spider_data__formula_1.json,tasks/by_database/spider_data__formula_1.jsonl
spider_data__formula_1,formula_1,racing_competition,赛车竞赛,task_000317,What is the id and last name of the driver who participated in the most races after 2010?,False,,schemas/by_database/spider_data__formula_1.json,tasks/by_database/spider_data__formula_1.jsonl
spider_data__formula_1,formula_1,racing_competition,赛车竞赛,task_000318,What are the names of circuits that belong to UK or Malaysia?,False,,schemas/by_database/spider_data__formula_1.json,tasks/by_database/spider_data__formula_1.jsonl
spider_data__formula_1,formula_1,racing_competition,赛车竞赛,task_000319,What are the names of all the circuits that are in the UK or Malaysia?,False,,schemas/by_database/spider_data__formula_1.json,tasks/by_database/spider_data__formula_1.jsonl
spider_data__formula_1,formula_1,racing_competition,赛车竞赛,task_000320,Find the id and location of circuits that belong to France or Belgium?,False,,schemas/by_database/spider_data__formula_1.json,tasks/by_database/spider_data__formula_1.jsonl
spider_data__formula_1,formula_1,racing_competition,赛车竞赛,task_000321,What are the ids and locations of all circuits in France or Belgium?,False,,schemas/by_database/spider_data__formula_1.json,tasks/by_database/spider_data__formula_1.jsonl
spider_data__formula_1,formula_1,racing_competition,赛车竞赛,task_000322,Find the names of Japanese constructors that have once earned more than 5 points?,False,,schemas/by_database/spider_data__formula_1.json,tasks/by_database/spider_data__formula_1.jsonl
spider_data__formula_1,formula_1,racing_competition,赛车竞赛,task_000323,What are the names of all the Japanese constructors that have earned more than 5 points?,False,,schemas/by_database/spider_data__formula_1.json,tasks/by_database/spider_data__formula_1.jsonl
spider_data__formula_1,formula_1,racing_competition,赛车竞赛,task_000324,What is the average fastest lap speed in race named 'Monaco Grand Prix' in 2008 ?,False,,schemas/by_database/spider_data__formula_1.json,tasks/by_database/spider_data__formula_1.jsonl
spider_data__formula_1,formula_1,racing_competition,赛车竞赛,task_000325,What is the average fastest lap speed for the Monaco Grand Prix in 2008?,False,,schemas/by_database/spider_data__formula_1.json,tasks/by_database/spider_data__formula_1.jsonl
spider_data__formula_1,formula_1,racing_competition,赛车竞赛,task_000326,What is the maximum fastest lap speed in race named 'Monaco Grand Prix' in 2008 ?,True,sql,schemas/by_database/spider_data__formula_1.json,tasks/by_database/spider_data__formula_1.jsonl
spider_data__formula_1,formula_1,racing_competition,赛车竞赛,task_000327,What is the maximum fastest lap speed in the Monaco Grand Prix in 2008?,False,,schemas/by_database/spider_data__formula_1.json,tasks/by_database/spider_data__formula_1.jsonl
spider_data__formula_1,formula_1,racing_competition,赛车竞赛,task_000328,What are the maximum fastest lap speed in races held after 2004 grouped by race name and ordered by year?,True,sql,schemas/by_database/spider_data__formula_1.json,tasks/by_database/spider_data__formula_1.jsonl
spider_data__formula_1,formula_1,racing_competition,赛车竞赛,task_000329,"For each race name, What is the maximum fastest lap speed for races after 2004 ordered by year?",True,sql,schemas/by_database/spider_data__formula_1.json,tasks/by_database/spider_data__formula_1.jsonl
spider_data__formula_1,formula_1,racing_competition,赛车竞赛,task_000330,What are the average fastest lap speed in races held after 2004 grouped by race name and ordered by year?,True,sql,schemas/by_database/spider_data__formula_1.json,tasks/by_database/spider_data__formula_1.jsonl
spider_data__formula_1,formula_1,racing_competition,赛车竞赛,task_000331,"What is the average fastest lap speed for races held after 2004, for each race, ordered by year?",True,sql,schemas/by_database/spider_data__formula_1.json,tasks/by_database/spider_data__formula_1.jsonl
spider_data__formula_1,formula_1,racing_competition,赛车竞赛,task_000332,"Find the id, forename and number of races of all drivers who have at least participated in two races?",True,sql,schemas/by_database/spider_data__formula_1.json,tasks/by_database/spider_data__formula_1.jsonl
spider_data__formula_1,formula_1,racing_competition,赛车竞赛,task_000333,"What is the id, forename, and number of races for all drivers that have participated in at least 2 races?",False,,schemas/by_database/spider_data__formula_1.json,tasks/by_database/spider_data__formula_1.jsonl
spider_data__formula_1,formula_1,racing_competition,赛车竞赛,task_000334,Find the driver id and number of races of all drivers who have at most participated in 30 races?,False,,schemas/by_database/spider_data__formula_1.json,tasks/by_database/spider_data__formula_1.jsonl
spider_data__formula_1,formula_1,racing_competition,赛车竞赛,task_000335,"For each id of a driver who participated in at most 30 races, how many races did they participate in?",False,,schemas/by_database/spider_data__formula_1.json,tasks/by_database/spider_data__formula_1.jsonl
spider_data__formula_1,formula_1,racing_competition,赛车竞赛,task_000336,Find the id and surname of the driver who participated the most number of races?,False,,schemas/by_database/spider_data__formula_1.json,tasks/by_database/spider_data__formula_1.jsonl
spider_data__formula_1,formula_1,racing_competition,赛车竞赛,task_000337,What are the ids and last names of all drivers who participated in the most races?,False,,schemas/by_database/spider_data__formula_1.json,tasks/by_database/spider_data__formula_1.jsonl
spider_data__ship_mission,ship_mission,maritime_shipping_logistics,船运物流,task_000338,How many ships are there?,False,,schemas/by_database/spider_data__ship_mission.json,tasks/by_database/spider_data__ship_mission.jsonl
spider_data__ship_mission,ship_mission,maritime_shipping_logistics,船运物流,task_000339,What is the number of ships?,False,,schemas/by_database/spider_data__ship_mission.json,tasks/by_database/spider_data__ship_mission.jsonl
spider_data__ship_mission,ship_mission,maritime_shipping_logistics,船运物流,task_000340,List the name of ships in ascending order of tonnage.,False,,schemas/by_database/spider_data__ship_mission.json,tasks/by_database/spider_data__ship_mission.jsonl
spider_data__ship_mission,ship_mission,maritime_shipping_logistics,船运物流,task_000341,what are the names of the ships ordered by ascending tonnage?,False,,schemas/by_database/spider_data__ship_mission.json,tasks/by_database/spider_data__ship_mission.jsonl
spider_data__ship_mission,ship_mission,maritime_shipping_logistics,船运物流,task_000342,What are the type and nationality of ships?,False,,schemas/by_database/spider_data__ship_mission.json,tasks/by_database/spider_data__ship_mission.jsonl
spider_data__ship_mission,ship_mission,maritime_shipping_logistics,船运物流,task_000343,What are the types and nationalities of every ship?,False,,schemas/by_database/spider_data__ship_mission.json,tasks/by_database/spider_data__ship_mission.jsonl
spider_data__ship_mission,ship_mission,maritime_shipping_logistics,船运物流,task_000344,"List the name of ships whose nationality is not ""United States"".",False,,schemas/by_database/spider_data__ship_mission.json,tasks/by_database/spider_data__ship_mission.jsonl
spider_data__ship_mission,ship_mission,maritime_shipping_logistics,船运物流,task_000345,What are the names of the ships that are not from the United States?,False,,schemas/by_database/spider_data__ship_mission.json,tasks/by_database/spider_data__ship_mission.jsonl
spider_data__ship_mission,ship_mission,maritime_shipping_logistics,船运物流,task_000346,Show the name of ships whose nationality is either United States or United Kingdom.,False,,schemas/by_database/spider_data__ship_mission.json,tasks/by_database/spider_data__ship_mission.jsonl
spider_data__ship_mission,ship_mission,maritime_shipping_logistics,船运物流,task_000347,What are the names of the ships  that are from either the US or the UK?,False,,schemas/by_database/spider_data__ship_mission.json,tasks/by_database/spider_data__ship_mission.jsonl
spider_data__ship_mission,ship_mission,maritime_shipping_logistics,船运物流,task_000348,What is the name of the ship with the largest tonnage?,False,,schemas/by_database/spider_data__ship_mission.json,tasks/by_database/spider_data__ship_mission.jsonl
spider_data__ship_mission,ship_mission,maritime_shipping_logistics,船运物流,task_000349,What is the ship with the largest amount of tonnage called?,False,,schemas/by_database/spider_data__ship_mission.json,tasks/by_database/spider_data__ship_mission.jsonl
spider_data__ship_mission,ship_mission,maritime_shipping_logistics,船运物流,task_000350,Show different types of ships and the number of ships of each type.,False,,schemas/by_database/spider_data__ship_mission.json,tasks/by_database/spider_data__ship_mission.jsonl
spider_data__ship_mission,ship_mission,maritime_shipping_logistics,船运物流,task_000351,"For each type, how many ships are there?",False,,schemas/by_database/spider_data__ship_mission.json,tasks/by_database/spider_data__ship_mission.jsonl
spider_data__ship_mission,ship_mission,maritime_shipping_logistics,船运物流,task_000352,Please show the most common type of ships.,False,,schemas/by_database/spider_data__ship_mission.json,tasks/by_database/spider_data__ship_mission.jsonl
spider_data__ship_mission,ship_mission,maritime_shipping_logistics,船运物流,task_000353,What is the most common type of ships?,False,,schemas/by_database/spider_data__ship_mission.json,tasks/by_database/spider_data__ship_mission.jsonl
spider_data__ship_mission,ship_mission,maritime_shipping_logistics,船运物流,task_000354,List the nations that have more than two ships.,False,,schemas/by_database/spider_data__ship_mission.json,tasks/by_database/spider_data__ship_mission.jsonl
spider_data__ship_mission,ship_mission,maritime_shipping_logistics,船运物流,task_000355,What are the nations that have more than two ships?,False,,schemas/by_database/spider_data__ship_mission.json,tasks/by_database/spider_data__ship_mission.jsonl
spider_data__ship_mission,ship_mission,maritime_shipping_logistics,船运物流,task_000356,Show different types of ships and the average tonnage of ships of each type.,False,,schemas/by_database/spider_data__ship_mission.json,tasks/by_database/spider_data__ship_mission.jsonl
spider_data__ship_mission,ship_mission,maritime_shipping_logistics,船运物流,task_000357,"For each type, what is the average tonnage?",False,,schemas/by_database/spider_data__ship_mission.json,tasks/by_database/spider_data__ship_mission.jsonl
spider_data__ship_mission,ship_mission,maritime_shipping_logistics,船运物流,task_000358,"Show codes and fates of missions, and names of ships involved.",False,,schemas/by_database/spider_data__ship_mission.json,tasks/by_database/spider_data__ship_mission.jsonl
spider_data__ship_mission,ship_mission,maritime_shipping_logistics,船运物流,task_000359,"What are the mission codes, fates, and names of the ships involved?",False,,schemas/by_database/spider_data__ship_mission.json,tasks/by_database/spider_data__ship_mission.jsonl
spider_data__ship_mission,ship_mission,maritime_shipping_logistics,船运物流,task_000360,Show names of ships involved in a mission launched after 1928.,False,,schemas/by_database/spider_data__ship_mission.json,tasks/by_database/spider_data__ship_mission.jsonl
spider_data__ship_mission,ship_mission,maritime_shipping_logistics,船运物流,task_000361,What are the names of ships that were involved in a mission launched after 1928?,False,,schemas/by_database/spider_data__ship_mission.json,tasks/by_database/spider_data__ship_mission.jsonl
spider_data__ship_mission,ship_mission,maritime_shipping_logistics,船运物流,task_000362,"Show the distinct fate of missions that involve ships with nationality ""United States""",False,,schemas/by_database/spider_data__ship_mission.json,tasks/by_database/spider_data__ship_mission.jsonl
spider_data__ship_mission,ship_mission,maritime_shipping_logistics,船运物流,task_000363,What are the different fates of the mission that involved ships from the United States?,False,,schemas/by_database/spider_data__ship_mission.json,tasks/by_database/spider_data__ship_mission.jsonl
spider_data__ship_mission,ship_mission,maritime_shipping_logistics,船运物流,task_000364,List the name of ships that are not involved in any mission,False,,schemas/by_database/spider_data__ship_mission.json,tasks/by_database/spider_data__ship_mission.jsonl
spider_data__ship_mission,ship_mission,maritime_shipping_logistics,船运物流,task_000365,What are the names of the ships that are not involved in any missions?,False,,schemas/by_database/spider_data__ship_mission.json,tasks/by_database/spider_data__ship_mission.jsonl
spider_data__ship_mission,ship_mission,maritime_shipping_logistics,船运物流,task_000366,Show the types of ships that have both ships with tonnage larger than 6000 and ships with tonnage smaller than 4000.,False,,schemas/by_database/spider_data__ship_mission.json,tasks/by_database/spider_data__ship_mission.jsonl
spider_data__ship_mission,ship_mission,maritime_shipping_logistics,船运物流,task_000367,What are the types of the ships that have both shiips with tonnage more than 6000 and those with tonnage less than 4000?,False,,schemas/by_database/spider_data__ship_mission.json,tasks/by_database/spider_data__ship_mission.jsonl
spider_data__aircraft,aircraft,aviation_airport,机场航空,task_000368,How many aircrafts are there?,False,,schemas/by_database/spider_data__aircraft.json,tasks/by_database/spider_data__aircraft.jsonl
spider_data__aircraft,aircraft,aviation_airport,机场航空,task_000369,What is the number of aircraft?,False,,schemas/by_database/spider_data__aircraft.json,tasks/by_database/spider_data__aircraft.jsonl
spider_data__aircraft,aircraft,aviation_airport,机场航空,task_000370,List the description of all aircrafts.,False,,schemas/by_database/spider_data__aircraft.json,tasks/by_database/spider_data__aircraft.jsonl
spider_data__aircraft,aircraft,aviation_airport,机场航空,task_000371,What are the descriptions for the aircrafts?,False,,schemas/by_database/spider_data__aircraft.json,tasks/by_database/spider_data__aircraft.jsonl
spider_data__aircraft,aircraft,aviation_airport,机场航空,task_000372,What is the average number of international passengers of all airports?,False,,schemas/by_database/spider_data__aircraft.json,tasks/by_database/spider_data__aircraft.jsonl
spider_data__aircraft,aircraft,aviation_airport,机场航空,task_000373,What is the average number of international passengers for an airport?,False,,schemas/by_database/spider_data__aircraft.json,tasks/by_database/spider_data__aircraft.jsonl
spider_data__aircraft,aircraft,aviation_airport,机场航空,task_000374,"What are the number of international and domestic passengers of the airport named London ""Heathrow""?",False,,schemas/by_database/spider_data__aircraft.json,tasks/by_database/spider_data__aircraft.jsonl
spider_data__aircraft,aircraft,aviation_airport,机场航空,task_000375,How many international and domestic passengers are there in the airport London Heathrow?,False,,schemas/by_database/spider_data__aircraft.json,tasks/by_database/spider_data__aircraft.jsonl
spider_data__aircraft,aircraft,aviation_airport,机场航空,task_000376,"What are the total number of Domestic Passengers of airports that contain the word ""London"".",False,,schemas/by_database/spider_data__aircraft.json,tasks/by_database/spider_data__aircraft.jsonl
spider_data__aircraft,aircraft,aviation_airport,机场航空,task_000377,What are the total number of domestic passengers at all London airports?,False,,schemas/by_database/spider_data__aircraft.json,tasks/by_database/spider_data__aircraft.jsonl
spider_data__aircraft,aircraft,aviation_airport,机场航空,task_000378,What are the maximum and minimum number of transit passengers of all aiports.,False,,schemas/by_database/spider_data__aircraft.json,tasks/by_database/spider_data__aircraft.jsonl
spider_data__aircraft,aircraft,aviation_airport,机场航空,task_000379,What is the maximum and mininum number of transit passengers for all airports?,False,,schemas/by_database/spider_data__aircraft.json,tasks/by_database/spider_data__aircraft.jsonl
spider_data__aircraft,aircraft,aviation_airport,机场航空,task_000380,What are the name of pilots aged 25 or older?,False,,schemas/by_database/spider_data__aircraft.json,tasks/by_database/spider_data__aircraft.jsonl
spider_data__aircraft,aircraft,aviation_airport,机场航空,task_000381,what is the name of every pilot who is at least 25 years old?,False,,schemas/by_database/spider_data__aircraft.json,tasks/by_database/spider_data__aircraft.jsonl
spider_data__aircraft,aircraft,aviation_airport,机场航空,task_000382,List all pilot names in ascending alphabetical order.,False,,schemas/by_database/spider_data__aircraft.json,tasks/by_database/spider_data__aircraft.jsonl
spider_data__aircraft,aircraft,aviation_airport,机场航空,task_000383,What are the names of the pilots in alphabetical order?,False,,schemas/by_database/spider_data__aircraft.json,tasks/by_database/spider_data__aircraft.jsonl
spider_data__aircraft,aircraft,aviation_airport,机场航空,task_000384,List names of all pilot aged 30 or younger in descending alphabetical order.,False,,schemas/by_database/spider_data__aircraft.json,tasks/by_database/spider_data__aircraft.jsonl
spider_data__aircraft,aircraft,aviation_airport,机场航空,task_000385,What are the names of all pilots 30 years old or young in descending alphabetical order?,False,,schemas/by_database/spider_data__aircraft.json,tasks/by_database/spider_data__aircraft.jsonl
spider_data__aircraft,aircraft,aviation_airport,机场航空,task_000386,"Please show the names of aircrafts associated with airport with name ""London Gatwick"".",False,,schemas/by_database/spider_data__aircraft.json,tasks/by_database/spider_data__aircraft.jsonl
spider_data__aircraft,aircraft,aviation_airport,机场航空,task_000387,What are the names of all the aircrafts associated with London Gatwick airport?,False,,schemas/by_database/spider_data__aircraft.json,tasks/by_database/spider_data__aircraft.jsonl
spider_data__aircraft,aircraft,aviation_airport,机场航空,task_000388,Please show the names and descriptions of aircrafts associated with airports that have a total number of passengers bigger than 10000000.,False,,schemas/by_database/spider_data__aircraft.json,tasks/by_database/spider_data__aircraft.jsonl
spider_data__aircraft,aircraft,aviation_airport,机场航空,task_000389,What are the names and descriptions of aircrafts associated with an airport that has more total passengers than 10000000?,False,,schemas/by_database/spider_data__aircraft.json,tasks/by_database/spider_data__aircraft.jsonl
spider_data__aircraft,aircraft,aviation_airport,机场航空,task_000390,"What is the average total number of passengers of airports that are associated with aircraft ""Robinson R-22""?",False,,schemas/by_database/spider_data__aircraft.json,tasks/by_database/spider_data__aircraft.jsonl
spider_data__aircraft,aircraft,aviation_airport,机场航空,task_000391,"What is the average total number of passengers for all airports that the aircraft ""Robinson R-22"" visits?",False,,schemas/by_database/spider_data__aircraft.json,tasks/by_database/spider_data__aircraft.jsonl
spider_data__aircraft,aircraft,aviation_airport,机场航空,task_000392,Please list the location and the winning aircraft name.,False,,schemas/by_database/spider_data__aircraft.json,tasks/by_database/spider_data__aircraft.jsonl
spider_data__aircraft,aircraft,aviation_airport,机场航空,task_000393,What is the location and name of the winning aircraft?,False,,schemas/by_database/spider_data__aircraft.json,tasks/by_database/spider_data__aircraft.jsonl
spider_data__aircraft,aircraft,aviation_airport,机场航空,task_000394,List the name of the aircraft that has been named winning aircraft the most number of times.,False,,schemas/by_database/spider_data__aircraft.json,tasks/by_database/spider_data__aircraft.jsonl
spider_data__aircraft,aircraft,aviation_airport,机场航空,task_000395,What is the name of the aircraft that has won an award the most?,False,,schemas/by_database/spider_data__aircraft.json,tasks/by_database/spider_data__aircraft.jsonl
spider_data__aircraft,aircraft,aviation_airport,机场航空,task_000396,List the names of aircrafts and the number of times it won matches.,False,,schemas/by_database/spider_data__aircraft.json,tasks/by_database/spider_data__aircraft.jsonl
spider_data__aircraft,aircraft,aviation_airport,机场航空,task_000397,"For each aircraft that has won an award, what is its name and how many time has it won?",False,,schemas/by_database/spider_data__aircraft.json,tasks/by_database/spider_data__aircraft.jsonl
spider_data__aircraft,aircraft,aviation_airport,机场航空,task_000398,List names of all pilot in descending order of age.,False,,schemas/by_database/spider_data__aircraft.json,tasks/by_database/spider_data__aircraft.jsonl
spider_data__aircraft,aircraft,aviation_airport,机场航空,task_000399,What are the names of all pilots listed by descending age?,False,,schemas/by_database/spider_data__aircraft.json,tasks/by_database/spider_data__aircraft.jsonl
spider_data__aircraft,aircraft,aviation_airport,机场航空,task_000400,List the names of aircrafts and that won matches at least twice.,False,,schemas/by_database/spider_data__aircraft.json,tasks/by_database/spider_data__aircraft.jsonl
spider_data__aircraft,aircraft,aviation_airport,机场航空,task_000401,What are the names of all aircrafts that have won a match at least twice?,False,,schemas/by_database/spider_data__aircraft.json,tasks/by_database/spider_data__aircraft.jsonl
spider_data__aircraft,aircraft,aviation_airport,机场航空,task_000402,List the names of aircrafts and that did not win any match.,False,,schemas/by_database/spider_data__aircraft.json,tasks/by_database/spider_data__aircraft.jsonl
spider_data__aircraft,aircraft,aviation_airport,机场航空,task_000403,What are the names of all aicrafts that have never won any match?,False,,schemas/by_database/spider_data__aircraft.json,tasks/by_database/spider_data__aircraft.jsonl
spider_data__aircraft,aircraft,aviation_airport,机场航空,task_000404,"Show the names of aircrafts that are associated with both an airport named ""London Heathrow"" and an airport named ""London Gatwick""",False,,schemas/by_database/spider_data__aircraft.json,tasks/by_database/spider_data__aircraft.jsonl
spider_data__aircraft,aircraft,aviation_airport,机场航空,task_000405,What are the names of all aircrafts that are associated with both London Heathrow and Gatwick airports?,False,,schemas/by_database/spider_data__aircraft.json,tasks/by_database/spider_data__aircraft.jsonl
spider_data__aircraft,aircraft,aviation_airport,机场航空,task_000406,Show all information on the airport that has the largest number of international passengers.,False,,schemas/by_database/spider_data__aircraft.json,tasks/by_database/spider_data__aircraft.jsonl
spider_data__aircraft,aircraft,aviation_airport,机场航空,task_000407,What is all the information on the airport with the largest number of international passengers?,False,,schemas/by_database/spider_data__aircraft.json,tasks/by_database/spider_data__aircraft.jsonl
spider_data__aircraft,aircraft,aviation_airport,机场航空,task_000408,find the name and age of the pilot who has won the most number of times among the pilots who are younger than 30.,False,,schemas/by_database/spider_data__aircraft.json,tasks/by_database/spider_data__aircraft.jsonl
spider_data__aircraft,aircraft,aviation_airport,机场航空,task_000409,What is the name and age of the pilot younger than 30 who has won the most number of times?,False,,schemas/by_database/spider_data__aircraft.json,tasks/by_database/spider_data__aircraft.jsonl
spider_data__aircraft,aircraft,aviation_airport,机场航空,task_000410,what is the name and age of the youngest winning pilot?,False,,schemas/by_database/spider_data__aircraft.json,tasks/by_database/spider_data__aircraft.jsonl
spider_data__aircraft,aircraft,aviation_airport,机场航空,task_000411,How old is the youngest winning pilot and what is their name?,False,,schemas/by_database/spider_data__aircraft.json,tasks/by_database/spider_data__aircraft.jsonl
spider_data__aircraft,aircraft,aviation_airport,机场航空,task_000412,find the name of pilots who did not win the matches held in the country of Australia.,False,,schemas/by_database/spider_data__aircraft.json,tasks/by_database/spider_data__aircraft.jsonl
spider_data__aircraft,aircraft,aviation_airport,机场航空,task_000413,What are the names of the pilots that have not won any matches in Australia?,False,,schemas/by_database/spider_data__aircraft.json,tasks/by_database/spider_data__aircraft.jsonl
spider_data__railway,railway,rail_train_station,铁路交通,task_000414,How many railways are there?,False,,schemas/by_database/spider_data__railway.json,tasks/by_database/spider_data__railway.jsonl
spider_data__railway,railway,rail_train_station,铁路交通,task_000415,List the builders of railways in ascending alphabetical order.,False,,schemas/by_database/spider_data__railway.json,tasks/by_database/spider_data__railway.jsonl
spider_data__railway,railway,rail_train_station,铁路交通,task_000416,List the wheels and locations of the railways.,False,,schemas/by_database/spider_data__railway.json,tasks/by_database/spider_data__railway.jsonl
spider_data__railway,railway,rail_train_station,铁路交通,task_000417,"What is the maximum level of managers in countries that are not ""Australia""?",False,,schemas/by_database/spider_data__railway.json,tasks/by_database/spider_data__railway.jsonl
spider_data__railway,railway,rail_train_station,铁路交通,task_000418,What is the average age for all managers?,False,,schemas/by_database/spider_data__railway.json,tasks/by_database/spider_data__railway.jsonl
spider_data__railway,railway,rail_train_station,铁路交通,task_000419,What are the names of managers in ascending order of level?,False,,schemas/by_database/spider_data__railway.json,tasks/by_database/spider_data__railway.jsonl
spider_data__railway,railway,rail_train_station,铁路交通,task_000420,What are the names and arrival times of trains?,False,,schemas/by_database/spider_data__railway.json,tasks/by_database/spider_data__railway.jsonl
spider_data__railway,railway,rail_train_station,铁路交通,task_000421,What is the name of the oldest manager?,False,,schemas/by_database/spider_data__railway.json,tasks/by_database/spider_data__railway.jsonl
spider_data__railway,railway,rail_train_station,铁路交通,task_000422,Show the names of trains and locations of railways they are in.,False,,schemas/by_database/spider_data__railway.json,tasks/by_database/spider_data__railway.jsonl
spider_data__railway,railway,rail_train_station,铁路交通,task_000423,"Show the builder of railways associated with the trains named ""Andaman Exp"".",False,,schemas/by_database/spider_data__railway.json,tasks/by_database/spider_data__railway.jsonl
spider_data__railway,railway,rail_train_station,铁路交通,task_000424,Show id and location of railways that are associated with more than one train.,False,,schemas/by_database/spider_data__railway.json,tasks/by_database/spider_data__railway.jsonl
spider_data__railway,railway,rail_train_station,铁路交通,task_000425,Show the id and builder of the railway that are associated with the most trains.,False,,schemas/by_database/spider_data__railway.json,tasks/by_database/spider_data__railway.jsonl
spider_data__railway,railway,rail_train_station,铁路交通,task_000426,"Show different builders of railways, along with the corresponding number of railways using each builder.",False,,schemas/by_database/spider_data__railway.json,tasks/by_database/spider_data__railway.jsonl
spider_data__railway,railway,rail_train_station,铁路交通,task_000427,Show the most common builder of railways.,False,,schemas/by_database/spider_data__railway.json,tasks/by_database/spider_data__railway.jsonl
spider_data__railway,railway,rail_train_station,铁路交通,task_000428,Show different locations of railways along with the corresponding number of railways at each location.,False,,schemas/by_database/spider_data__railway.json,tasks/by_database/spider_data__railway.jsonl
spider_data__railway,railway,rail_train_station,铁路交通,task_000429,Show the locations that have more than one railways.,False,,schemas/by_database/spider_data__railway.json,tasks/by_database/spider_data__railway.jsonl
spider_data__railway,railway,rail_train_station,铁路交通,task_000430,List the object number of railways that do not have any trains.,False,,schemas/by_database/spider_data__railway.json,tasks/by_database/spider_data__railway.jsonl
spider_data__railway,railway,rail_train_station,铁路交通,task_000431,Show the countries that have both managers of age above 50 and managers of age below 46.,False,,schemas/by_database/spider_data__railway.json,tasks/by_database/spider_data__railway.jsonl
spider_data__railway,railway,rail_train_station,铁路交通,task_000432,Show the distinct countries of managers.,False,,schemas/by_database/spider_data__railway.json,tasks/by_database/spider_data__railway.jsonl
spider_data__railway,railway,rail_train_station,铁路交通,task_000433,Show the working years of managers in descending order of their level.,False,,schemas/by_database/spider_data__railway.json,tasks/by_database/spider_data__railway.jsonl
spider_data__railway,railway,rail_train_station,铁路交通,task_000434,Show the countries that have managers of age above 50 or below 46.,False,,schemas/by_database/spider_data__railway.json,tasks/by_database/spider_data__railway.jsonl
spider_data__ship_1,ship_1,maritime_shipping_logistics,船运物流,task_000435,How many different captain ranks are there?,False,,schemas/by_database/spider_data__ship_1.json,tasks/by_database/spider_data__ship_1.jsonl
spider_data__ship_1,ship_1,maritime_shipping_logistics,船运物流,task_000436,Count the number of different ranks of captain.,False,,schemas/by_database/spider_data__ship_1.json,tasks/by_database/spider_data__ship_1.jsonl
spider_data__ship_1,ship_1,maritime_shipping_logistics,船运物流,task_000437,How many captains are in each rank?,False,,schemas/by_database/spider_data__ship_1.json,tasks/by_database/spider_data__ship_1.jsonl
spider_data__ship_1,ship_1,maritime_shipping_logistics,船运物流,task_000438,Count the number of captains that have each rank.,False,,schemas/by_database/spider_data__ship_1.json,tasks/by_database/spider_data__ship_1.jsonl
spider_data__ship_1,ship_1,maritime_shipping_logistics,船运物流,task_000439,How many captains with younger than 50 are in each rank?,False,,schemas/by_database/spider_data__ship_1.json,tasks/by_database/spider_data__ship_1.jsonl
spider_data__ship_1,ship_1,maritime_shipping_logistics,船运物流,task_000440,Count the number of captains younger than 50 of each rank.,False,,schemas/by_database/spider_data__ship_1.json,tasks/by_database/spider_data__ship_1.jsonl
spider_data__ship_1,ship_1,maritime_shipping_logistics,船运物流,task_000441,Sort all captain names by their ages from old to young.,False,,schemas/by_database/spider_data__ship_1.json,tasks/by_database/spider_data__ship_1.jsonl
spider_data__ship_1,ship_1,maritime_shipping_logistics,船运物流,task_000442,"What are the names of captains, sorted by age descending?",False,,schemas/by_database/spider_data__ship_1.json,tasks/by_database/spider_data__ship_1.jsonl
spider_data__ship_1,ship_1,maritime_shipping_logistics,船运物流,task_000443,"Find the name, class and rank of all captains.",False,,schemas/by_database/spider_data__ship_1.json,tasks/by_database/spider_data__ship_1.jsonl
spider_data__ship_1,ship_1,maritime_shipping_logistics,船运物流,task_000444,"What are the names, classes, and ranks of all captains?",False,,schemas/by_database/spider_data__ship_1.json,tasks/by_database/spider_data__ship_1.jsonl
spider_data__ship_1,ship_1,maritime_shipping_logistics,船运物流,task_000445,Which rank is the most common among captains?,False,,schemas/by_database/spider_data__ship_1.json,tasks/by_database/spider_data__ship_1.jsonl
spider_data__ship_1,ship_1,maritime_shipping_logistics,船运物流,task_000446,Return the rank for which there are the fewest captains.,True,sql,schemas/by_database/spider_data__ship_1.json,tasks/by_database/spider_data__ship_1.jsonl
spider_data__ship_1,ship_1,maritime_shipping_logistics,船运物流,task_000447,Which classes have more than two captains?,False,,schemas/by_database/spider_data__ship_1.json,tasks/by_database/spider_data__ship_1.jsonl
spider_data__ship_1,ship_1,maritime_shipping_logistics,船运物流,task_000448,Give the classes that have more than two captains.,False,,schemas/by_database/spider_data__ship_1.json,tasks/by_database/spider_data__ship_1.jsonl
spider_data__ship_1,ship_1,maritime_shipping_logistics,船运物流,task_000449,Find the name of captains whose rank are either Midshipman or Lieutenant.,False,,schemas/by_database/spider_data__ship_1.json,tasks/by_database/spider_data__ship_1.jsonl
spider_data__ship_1,ship_1,maritime_shipping_logistics,船运物流,task_000450,What are the names of captains that have either the rank Midshipman or Lieutenant?,False,,schemas/by_database/spider_data__ship_1.json,tasks/by_database/spider_data__ship_1.jsonl
spider_data__ship_1,ship_1,maritime_shipping_logistics,船运物流,task_000451,What are the average and minimum age of captains in different class?,False,,schemas/by_database/spider_data__ship_1.json,tasks/by_database/spider_data__ship_1.jsonl
spider_data__ship_1,ship_1,maritime_shipping_logistics,船运物流,task_000452,Return the average and minimum age of captains in each class.,False,,schemas/by_database/spider_data__ship_1.json,tasks/by_database/spider_data__ship_1.jsonl
spider_data__ship_1,ship_1,maritime_shipping_logistics,船运物流,task_000453,Find the captain rank that has some captains in both Cutter and Armed schooner classes.,False,,schemas/by_database/spider_data__ship_1.json,tasks/by_database/spider_data__ship_1.jsonl
spider_data__ship_1,ship_1,maritime_shipping_logistics,船运物流,task_000454,What are the ranks of captains that are both in the Cutter and Armed schooner classes?,False,,schemas/by_database/spider_data__ship_1.json,tasks/by_database/spider_data__ship_1.jsonl
spider_data__ship_1,ship_1,maritime_shipping_logistics,船运物流,task_000455,Find the captain rank that has no captain in Third-rate ship of the line class.,False,,schemas/by_database/spider_data__ship_1.json,tasks/by_database/spider_data__ship_1.jsonl
spider_data__ship_1,ship_1,maritime_shipping_logistics,船运物流,task_000456,What are the ranks of captains that have no captain that are in the Third-rate ship of the line class?,False,,schemas/by_database/spider_data__ship_1.json,tasks/by_database/spider_data__ship_1.jsonl
spider_data__ship_1,ship_1,maritime_shipping_logistics,船运物流,task_000457,What is the name of the youngest captain?,False,,schemas/by_database/spider_data__ship_1.json,tasks/by_database/spider_data__ship_1.jsonl
spider_data__ship_1,ship_1,maritime_shipping_logistics,船运物流,task_000458,Return the name of the youngest captain.,False,,schemas/by_database/spider_data__ship_1.json,tasks/by_database/spider_data__ship_1.jsonl
spider_data__ship_1,ship_1,maritime_shipping_logistics,船运物流,task_000459,how many ships are there?,False,,schemas/by_database/spider_data__ship_1.json,tasks/by_database/spider_data__ship_1.jsonl
spider_data__ship_1,ship_1,maritime_shipping_logistics,船运物流,task_000460,Count the number of ships.,False,,schemas/by_database/spider_data__ship_1.json,tasks/by_database/spider_data__ship_1.jsonl
spider_data__ship_1,ship_1,maritime_shipping_logistics,船运物流,task_000461,"Find the name, type, and flag of the ship that is built in the most recent year.",True,sql,schemas/by_database/spider_data__ship_1.json,tasks/by_database/spider_data__ship_1.jsonl
spider_data__ship_1,ship_1,maritime_shipping_logistics,船运物流,task_000462,"What is the name, type, and flag of the ship that was built in the most recent year?",False,,schemas/by_database/spider_data__ship_1.json,tasks/by_database/spider_data__ship_1.jsonl
spider_data__ship_1,ship_1,maritime_shipping_logistics,船运物流,task_000463,"Group by ships by flag, and return number of ships that have each flag.",False,,schemas/by_database/spider_data__ship_1.json,tasks/by_database/spider_data__ship_1.jsonl
spider_data__ship_1,ship_1,maritime_shipping_logistics,船运物流,task_000464,"What are the different ship flags, and how many ships have each?",False,,schemas/by_database/spider_data__ship_1.json,tasks/by_database/spider_data__ship_1.jsonl
spider_data__ship_1,ship_1,maritime_shipping_logistics,船运物流,task_000465,Which flag is most widely used among all ships?,False,,schemas/by_database/spider_data__ship_1.json,tasks/by_database/spider_data__ship_1.jsonl
spider_data__ship_1,ship_1,maritime_shipping_logistics,船运物流,task_000466,Return the flag that is most common among all ships.,False,,schemas/by_database/spider_data__ship_1.json,tasks/by_database/spider_data__ship_1.jsonl
spider_data__ship_1,ship_1,maritime_shipping_logistics,船运物流,task_000467,List all ship names in the order of built year and class.,False,,schemas/by_database/spider_data__ship_1.json,tasks/by_database/spider_data__ship_1.jsonl
spider_data__ship_1,ship_1,maritime_shipping_logistics,船运物流,task_000468,"What are the names of ships, ordered by year they were built and their class?",False,,schemas/by_database/spider_data__ship_1.json,tasks/by_database/spider_data__ship_1.jsonl
spider_data__ship_1,ship_1,maritime_shipping_logistics,船运物流,task_000469,Find the ship type that are used by both ships with Panama and Malta flags.,False,,schemas/by_database/spider_data__ship_1.json,tasks/by_database/spider_data__ship_1.jsonl
spider_data__ship_1,ship_1,maritime_shipping_logistics,船运物流,task_000470,What types of ships have both ships that have Panama Flags and Malta flags?,False,,schemas/by_database/spider_data__ship_1.json,tasks/by_database/spider_data__ship_1.jsonl
spider_data__ship_1,ship_1,maritime_shipping_logistics,船运物流,task_000471,In which year were most of ships built?,False,,schemas/by_database/spider_data__ship_1.json,tasks/by_database/spider_data__ship_1.jsonl
spider_data__ship_1,ship_1,maritime_shipping_logistics,船运物流,task_000472,What is the year in which most ships were built?,False,,schemas/by_database/spider_data__ship_1.json,tasks/by_database/spider_data__ship_1.jsonl
spider_data__ship_1,ship_1,maritime_shipping_logistics,船运物流,task_000473,Find the name of the ships that have more than one captain.,False,,schemas/by_database/spider_data__ship_1.json,tasks/by_database/spider_data__ship_1.jsonl
spider_data__ship_1,ship_1,maritime_shipping_logistics,船运物流,task_000474,What are the names of ships that have more than one captain?,False,,schemas/by_database/spider_data__ship_1.json,tasks/by_database/spider_data__ship_1.jsonl
spider_data__ship_1,ship_1,maritime_shipping_logistics,船运物流,task_000475,what are the names and classes of the ships that do not have any captain yet?,False,,schemas/by_database/spider_data__ship_1.json,tasks/by_database/spider_data__ship_1.jsonl
spider_data__ship_1,ship_1,maritime_shipping_logistics,船运物流,task_000476,Return the names and classes of ships that do not have a captain?,False,,schemas/by_database/spider_data__ship_1.json,tasks/by_database/spider_data__ship_1.jsonl
spider_data__ship_1,ship_1,maritime_shipping_logistics,船运物流,task_000477,Find the name of the ship that is steered by the youngest captain.,False,,schemas/by_database/spider_data__ship_1.json,tasks/by_database/spider_data__ship_1.jsonl
spider_data__ship_1,ship_1,maritime_shipping_logistics,船运物流,task_000478,What is the name of the ship that is commanded by the youngest captain?,True,sql,schemas/by_database/spider_data__ship_1.json,tasks/by_database/spider_data__ship_1.jsonl
spider_data__ship_1,ship_1,maritime_shipping_logistics,船运物流,task_000479,Find the name and flag of ships that are not steered by any captain with Midshipman rank.,False,,schemas/by_database/spider_data__ship_1.json,tasks/by_database/spider_data__ship_1.jsonl
spider_data__ship_1,ship_1,maritime_shipping_logistics,船运物流,task_000480,What are the names and flags of ships that do not have a captain with the rank of Midshipman?,False,,schemas/by_database/spider_data__ship_1.json,tasks/by_database/spider_data__ship_1.jsonl
spider_data__ship_1,ship_1,maritime_shipping_logistics,船运物流,task_000481,Find the name of the ships that are steered by both a captain with Midshipman rank and a captain with Lieutenant rank.,False,,schemas/by_database/spider_data__ship_1.json,tasks/by_database/spider_data__ship_1.jsonl
spider_data__ship_1,ship_1,maritime_shipping_logistics,船运物流,task_000482,What are the names of ships that are commanded by both captains with the rank of Midshipman and captains with the rank of Lieutenant?,False,,schemas/by_database/spider_data__ship_1.json,tasks/by_database/spider_data__ship_1.jsonl
spider_data__school_bus,school_bus,public_service_transport,公共服务,task_000483,How many drivers are there?,False,,schemas/by_database/spider_data__school_bus.json,tasks/by_database/spider_data__school_bus.jsonl
spider_data__school_bus,school_bus,public_service_transport,公共服务,task_000484,"Show the name, home city, and age for all drivers.",False,,schemas/by_database/spider_data__school_bus.json,tasks/by_database/spider_data__school_bus.jsonl
spider_data__school_bus,school_bus,public_service_transport,公共服务,task_000485,Show the party and the number of drivers in each party.,False,,schemas/by_database/spider_data__school_bus.json,tasks/by_database/spider_data__school_bus.jsonl
spider_data__school_bus,school_bus,public_service_transport,公共服务,task_000486,Show the name of drivers in descending order of age.,False,,schemas/by_database/spider_data__school_bus.json,tasks/by_database/spider_data__school_bus.jsonl
spider_data__school_bus,school_bus,public_service_transport,公共服务,task_000487,Show all different home cities.,False,,schemas/by_database/spider_data__school_bus.json,tasks/by_database/spider_data__school_bus.jsonl
spider_data__school_bus,school_bus,public_service_transport,公共服务,task_000488,Show the home city with the most number of drivers.,False,,schemas/by_database/spider_data__school_bus.json,tasks/by_database/spider_data__school_bus.jsonl
spider_data__school_bus,school_bus,public_service_transport,公共服务,task_000489,Show the party with drivers from Hartford and drivers older than 40.,False,,schemas/by_database/spider_data__school_bus.json,tasks/by_database/spider_data__school_bus.jsonl
spider_data__school_bus,school_bus,public_service_transport,公共服务,task_000490,Show home city where at least two drivers older than 40 are from.,False,,schemas/by_database/spider_data__school_bus.json,tasks/by_database/spider_data__school_bus.jsonl
spider_data__school_bus,school_bus,public_service_transport,公共服务,task_000491,Show all home cities except for those having a driver older than 40.,False,,schemas/by_database/spider_data__school_bus.json,tasks/by_database/spider_data__school_bus.jsonl
spider_data__school_bus,school_bus,public_service_transport,公共服务,task_000492,Show the names of the drivers without a school bus.,False,,schemas/by_database/spider_data__school_bus.json,tasks/by_database/spider_data__school_bus.jsonl
spider_data__school_bus,school_bus,public_service_transport,公共服务,task_000493,Show the types of schools that have two schools.,False,,schemas/by_database/spider_data__school_bus.json,tasks/by_database/spider_data__school_bus.jsonl
spider_data__school_bus,school_bus,public_service_transport,公共服务,task_000494,Show the school name and driver name for all school buses.,False,,schemas/by_database/spider_data__school_bus.json,tasks/by_database/spider_data__school_bus.jsonl
spider_data__school_bus,school_bus,public_service_transport,公共服务,task_000495,"What is the maximum, minimum and average years spent working on a school bus?",False,,schemas/by_database/spider_data__school_bus.json,tasks/by_database/spider_data__school_bus.jsonl
spider_data__school_bus,school_bus,public_service_transport,公共服务,task_000496,Show the school name and type for schools without a school bus.,False,,schemas/by_database/spider_data__school_bus.json,tasks/by_database/spider_data__school_bus.jsonl
spider_data__school_bus,school_bus,public_service_transport,公共服务,task_000497,Show the type of school and the number of buses for each type.,True,sql,schemas/by_database/spider_data__school_bus.json,tasks/by_database/spider_data__school_bus.jsonl
spider_data__school_bus,school_bus,public_service_transport,公共服务,task_000498,How many drivers are from Hartford city or younger than 40?,False,,schemas/by_database/spider_data__school_bus.json,tasks/by_database/spider_data__school_bus.jsonl
spider_data__school_bus,school_bus,public_service_transport,公共服务,task_000499,List names for drivers from Hartford city and younger than 40.,False,,schemas/by_database/spider_data__school_bus.json,tasks/by_database/spider_data__school_bus.jsonl
spider_data__school_bus,school_bus,public_service_transport,公共服务,task_000500,find the name of driver who is driving the school bus with the longest working history.,False,,schemas/by_database/spider_data__school_bus.json,tasks/by_database/spider_data__school_bus.jsonl
spider_data__flight_company,flight_company,aviation_airport,机场航空,task_000501,How many flights have a velocity larger than 200?,False,,schemas/by_database/spider_data__flight_company.json,tasks/by_database/spider_data__flight_company.jsonl
spider_data__flight_company,flight_company,aviation_airport,机场航空,task_000502,"List the vehicle flight number, date and pilot of all the flights, ordered by altitude.",False,,schemas/by_database/spider_data__flight_company.json,tasks/by_database/spider_data__flight_company.jsonl
spider_data__flight_company,flight_company,aviation_airport,机场航空,task_000503,"List the id, country, city and name of the airports ordered alphabetically by the name.",False,,schemas/by_database/spider_data__flight_company.json,tasks/by_database/spider_data__flight_company.jsonl
spider_data__flight_company,flight_company,aviation_airport,机场航空,task_000504,What is maximum group equity shareholding of the companies?,False,,schemas/by_database/spider_data__flight_company.json,tasks/by_database/spider_data__flight_company.jsonl
spider_data__flight_company,flight_company,aviation_airport,机场航空,task_000505,What is the velocity of the pilot named 'Thompson'?,True,sql,schemas/by_database/spider_data__flight_company.json,tasks/by_database/spider_data__flight_company.jsonl
spider_data__flight_company,flight_company,aviation_airport,机场航空,task_000506,What are the names and types of the companies that have ever operated a flight?,True,sql,schemas/by_database/spider_data__flight_company.json,tasks/by_database/spider_data__flight_company.jsonl
spider_data__flight_company,flight_company,aviation_airport,机场航空,task_000507,What are the names of the airports which are not in the country 'Iceland'?,False,,schemas/by_database/spider_data__flight_company.json,tasks/by_database/spider_data__flight_company.jsonl
spider_data__flight_company,flight_company,aviation_airport,机场航空,task_000508,What are the distinct types of the companies that have operated any flights with velocity less than 200?,False,,schemas/by_database/spider_data__flight_company.json,tasks/by_database/spider_data__flight_company.jsonl
spider_data__flight_company,flight_company,aviation_airport,机场航空,task_000509,What are the ids and names of the companies that operated more than one flight?,False,,schemas/by_database/spider_data__flight_company.json,tasks/by_database/spider_data__flight_company.jsonl
spider_data__flight_company,flight_company,aviation_airport,机场航空,task_000510,"What is the id, name and IATA code of the airport that had most number of flights?",True,sql,schemas/by_database/spider_data__flight_company.json,tasks/by_database/spider_data__flight_company.jsonl
spider_data__flight_company,flight_company,aviation_airport,机场航空,task_000511,What are the different pilot names who had piloted a flight in the country 'United States' or in the airport named 'Billund Airport'?,False,,schemas/by_database/spider_data__flight_company.json,tasks/by_database/spider_data__flight_company.jsonl
spider_data__flight_company,flight_company,aviation_airport,机场航空,task_000512,"What is the most common company type, and how many are there?",False,,schemas/by_database/spider_data__flight_company.json,tasks/by_database/spider_data__flight_company.jsonl
spider_data__flight_company,flight_company,aviation_airport,机场航空,task_000513,How many airports haven't the pilot 'Thompson' driven an aircraft?,False,,schemas/by_database/spider_data__flight_company.json,tasks/by_database/spider_data__flight_company.jsonl
spider_data__flight_company,flight_company,aviation_airport,机场航空,task_000514,List the name of the pilots who have flied for both a company that mainly provide 'Cargo' services and a company that runs 'Catering services' activities.,False,,schemas/by_database/spider_data__flight_company.json,tasks/by_database/spider_data__flight_company.jsonl
spider_data__flight_company,flight_company,aviation_airport,机场航空,task_000515,Which of the airport names contains the word 'international'?,False,,schemas/by_database/spider_data__flight_company.json,tasks/by_database/spider_data__flight_company.jsonl
spider_data__flight_company,flight_company,aviation_airport,机场航空,task_000516,How many companies operates airlines in each airport?,True,sql,schemas/by_database/spider_data__flight_company.json,tasks/by_database/spider_data__flight_company.jsonl
spider_data__flight_company,flight_company,aviation_airport,机场航空,task_000517,how many airports are there in each country?,False,,schemas/by_database/spider_data__flight_company.json,tasks/by_database/spider_data__flight_company.jsonl
spider_data__flight_company,flight_company,aviation_airport,机场航空,task_000518,which countries have more than 2 airports?,False,,schemas/by_database/spider_data__flight_company.json,tasks/by_database/spider_data__flight_company.jsonl
spider_data__flight_company,flight_company,aviation_airport,机场航空,task_000519,which pilot is in charge of the most number of flights?,False,,schemas/by_database/spider_data__flight_company.json,tasks/by_database/spider_data__flight_company.jsonl
spider_data__train_station,train_station,rail_train_station,铁路交通,task_000520,How many train stations are there?,False,,schemas/by_database/spider_data__train_station.json,tasks/by_database/spider_data__train_station.jsonl
spider_data__train_station,train_station,rail_train_station,铁路交通,task_000521,"Show the name, location, and number of platforms for all stations.",False,,schemas/by_database/spider_data__train_station.json,tasks/by_database/spider_data__train_station.jsonl
spider_data__train_station,train_station,rail_train_station,铁路交通,task_000522,What are all locations of train stations?,False,,schemas/by_database/spider_data__train_station.json,tasks/by_database/spider_data__train_station.jsonl
spider_data__train_station,train_station,rail_train_station,铁路交通,task_000523,Show the names and total passengers for all train stations not in London.,False,,schemas/by_database/spider_data__train_station.json,tasks/by_database/spider_data__train_station.jsonl
spider_data__train_station,train_station,rail_train_station,铁路交通,task_000524,Show the names and main services for train stations that have the top three total number of passengers.,False,,schemas/by_database/spider_data__train_station.json,tasks/by_database/spider_data__train_station.jsonl
spider_data__train_station,train_station,rail_train_station,铁路交通,task_000525,What is the average and maximum number of total passengers for train stations in London or Glasgow?,False,,schemas/by_database/spider_data__train_station.json,tasks/by_database/spider_data__train_station.jsonl
spider_data__train_station,train_station,rail_train_station,铁路交通,task_000526,Show all locations and the total number of platforms and passengers for all train stations in each location.,False,,schemas/by_database/spider_data__train_station.json,tasks/by_database/spider_data__train_station.jsonl
spider_data__train_station,train_station,rail_train_station,铁路交通,task_000527,Show all locations that have train stations with at least 15 platforms and train stations with more than 25 total passengers.,False,,schemas/by_database/spider_data__train_station.json,tasks/by_database/spider_data__train_station.jsonl
spider_data__train_station,train_station,rail_train_station,铁路交通,task_000528,Show all locations which don't have a train station with at least 15 platforms.,False,,schemas/by_database/spider_data__train_station.json,tasks/by_database/spider_data__train_station.jsonl
spider_data__train_station,train_station,rail_train_station,铁路交通,task_000529,Show the location with most number of train stations.,False,,schemas/by_database/spider_data__train_station.json,tasks/by_database/spider_data__train_station.jsonl
spider_data__train_station,train_station,rail_train_station,铁路交通,task_000530,"Show the name, time, and service for all trains.",False,,schemas/by_database/spider_data__train_station.json,tasks/by_database/spider_data__train_station.jsonl
spider_data__train_station,train_station,rail_train_station,铁路交通,task_000531,Show the number of trains,False,,schemas/by_database/spider_data__train_station.json,tasks/by_database/spider_data__train_station.jsonl
spider_data__train_station,train_station,rail_train_station,铁路交通,task_000532,Show the name and service for all trains in order by time.,False,,schemas/by_database/spider_data__train_station.json,tasks/by_database/spider_data__train_station.jsonl
spider_data__train_station,train_station,rail_train_station,铁路交通,task_000533,Show the station name and number of trains in each station.,False,,schemas/by_database/spider_data__train_station.json,tasks/by_database/spider_data__train_station.jsonl
spider_data__train_station,train_station,rail_train_station,铁路交通,task_000534,show the train name and station name for each train.,False,,schemas/by_database/spider_data__train_station.json,tasks/by_database/spider_data__train_station.jsonl
spider_data__train_station,train_station,rail_train_station,铁路交通,task_000535,Show all train names and times in stations in London in descending order by train time.,False,,schemas/by_database/spider_data__train_station.json,tasks/by_database/spider_data__train_station.jsonl
spider_data__train_station,train_station,rail_train_station,铁路交通,task_000536,Show the station name with greatest number of trains.,False,,schemas/by_database/spider_data__train_station.json,tasks/by_database/spider_data__train_station.jsonl
spider_data__train_station,train_station,rail_train_station,铁路交通,task_000537,Show the station name with at least two trains.,False,,schemas/by_database/spider_data__train_station.json,tasks/by_database/spider_data__train_station.jsonl
spider_data__train_station,train_station,rail_train_station,铁路交通,task_000538,Show all locations with only 1 station.,False,,schemas/by_database/spider_data__train_station.json,tasks/by_database/spider_data__train_station.jsonl
spider_data__train_station,train_station,rail_train_station,铁路交通,task_000539,Show station names without any trains.,False,,schemas/by_database/spider_data__train_station.json,tasks/by_database/spider_data__train_station.jsonl
spider_data__train_station,train_station,rail_train_station,铁路交通,task_000540,"What are the names of the stations which serve both ""Ananthapuri Express"" and ""Guruvayur Express"" trains?",False,,schemas/by_database/spider_data__train_station.json,tasks/by_database/spider_data__train_station.jsonl
spider_data__train_station,train_station,rail_train_station,铁路交通,task_000541,Find the names of the trains that do not pass any station located in London.,False,,schemas/by_database/spider_data__train_station.json,tasks/by_database/spider_data__train_station.jsonl
spider_data__train_station,train_station,rail_train_station,铁路交通,task_000542,List the names and locations of all stations ordered by their yearly entry exit and interchange amounts.,False,,schemas/by_database/spider_data__train_station.json,tasks/by_database/spider_data__train_station.jsonl
spider_data__flight_4,flight_4,aviation_airport,机场航空,task_000543,Find the name of the airport in the city of Goroka.,False,,schemas/by_database/spider_data__flight_4.json,tasks/by_database/spider_data__flight_4.jsonl
spider_data__flight_4,flight_4,aviation_airport,机场航空,task_000544,What are the names of the airports in the city of Goroka?,False,,schemas/by_database/spider_data__flight_4.json,tasks/by_database/spider_data__flight_4.jsonl
spider_data__flight_4,flight_4,aviation_airport,机场航空,task_000545,"Find the name, city, country, and altitude (or elevation) of the airports in the city of New York.",False,,schemas/by_database/spider_data__flight_4.json,tasks/by_database/spider_data__flight_4.jsonl
spider_data__flight_4,flight_4,aviation_airport,机场航空,task_000546,"What is the name, city, country, and elevation for every airport in the city of New York?",False,,schemas/by_database/spider_data__flight_4.json,tasks/by_database/spider_data__flight_4.jsonl
spider_data__flight_4,flight_4,aviation_airport,机场航空,task_000547,How many airlines are there?,False,,schemas/by_database/spider_data__flight_4.json,tasks/by_database/spider_data__flight_4.jsonl
spider_data__flight_4,flight_4,aviation_airport,机场航空,task_000548,What is the total number of airlines?,False,,schemas/by_database/spider_data__flight_4.json,tasks/by_database/spider_data__flight_4.jsonl
spider_data__flight_4,flight_4,aviation_airport,机场航空,task_000549,How many airlines does Russia has?,False,,schemas/by_database/spider_data__flight_4.json,tasks/by_database/spider_data__flight_4.jsonl
spider_data__flight_4,flight_4,aviation_airport,机场航空,task_000550,What is the number of airlines based in Russia?,False,,schemas/by_database/spider_data__flight_4.json,tasks/by_database/spider_data__flight_4.jsonl
spider_data__flight_4,flight_4,aviation_airport,机场航空,task_000551,What is the maximum elevation of all airports in the country of Iceland?,False,,schemas/by_database/spider_data__flight_4.json,tasks/by_database/spider_data__flight_4.jsonl
spider_data__flight_4,flight_4,aviation_airport,机场航空,task_000552,What is the highest elevation of an airport in the country of Iceland?,False,,schemas/by_database/spider_data__flight_4.json,tasks/by_database/spider_data__flight_4.jsonl
spider_data__flight_4,flight_4,aviation_airport,机场航空,task_000553,Find the name of the airports located in Cuba or Argentina.,False,,schemas/by_database/spider_data__flight_4.json,tasks/by_database/spider_data__flight_4.jsonl
spider_data__flight_4,flight_4,aviation_airport,机场航空,task_000554,What are the names of all airports in Cuba or Argentina?,False,,schemas/by_database/spider_data__flight_4.json,tasks/by_database/spider_data__flight_4.jsonl
spider_data__flight_4,flight_4,aviation_airport,机场航空,task_000555,Find the country of the airlines whose name starts with 'Orbit'.,False,,schemas/by_database/spider_data__flight_4.json,tasks/by_database/spider_data__flight_4.jsonl
spider_data__flight_4,flight_4,aviation_airport,机场航空,task_000556,What are the countries of all airlines whose names start with Orbit?,False,,schemas/by_database/spider_data__flight_4.json,tasks/by_database/spider_data__flight_4.jsonl
spider_data__flight_4,flight_4,aviation_airport,机场航空,task_000557,Find the name of airports whose altitude is between -50 and 50.,False,,schemas/by_database/spider_data__flight_4.json,tasks/by_database/spider_data__flight_4.jsonl
spider_data__flight_4,flight_4,aviation_airport,机场航空,task_000558,What are the names of all airports whose elevation is between -50 and 50?,False,,schemas/by_database/spider_data__flight_4.json,tasks/by_database/spider_data__flight_4.jsonl
spider_data__flight_4,flight_4,aviation_airport,机场航空,task_000559,Which country is the airport that has the highest altitude located in?,False,,schemas/by_database/spider_data__flight_4.json,tasks/by_database/spider_data__flight_4.jsonl
spider_data__flight_4,flight_4,aviation_airport,机场航空,task_000560,What is the country of the airport with the highest elevation?,False,,schemas/by_database/spider_data__flight_4.json,tasks/by_database/spider_data__flight_4.jsonl
spider_data__flight_4,flight_4,aviation_airport,机场航空,task_000561,Find the number of airports whose name contain the word 'International'.,False,,schemas/by_database/spider_data__flight_4.json,tasks/by_database/spider_data__flight_4.jsonl
spider_data__flight_4,flight_4,aviation_airport,机场航空,task_000562,How many airports' names have the word International in them?,True,question,schemas/by_database/spider_data__flight_4.json,tasks/by_database/spider_data__flight_4.jsonl
spider_data__flight_4,flight_4,aviation_airport,机场航空,task_000563,How many different cities do have some airport in the country of Greenland?,False,,schemas/by_database/spider_data__flight_4.json,tasks/by_database/spider_data__flight_4.jsonl
spider_data__flight_4,flight_4,aviation_airport,机场航空,task_000564,In how many cities are there airports in the country of Greenland?,False,,schemas/by_database/spider_data__flight_4.json,tasks/by_database/spider_data__flight_4.jsonl
spider_data__flight_4,flight_4,aviation_airport,机场航空,task_000565,Find the number of routes operated by American Airlines.,False,,schemas/by_database/spider_data__flight_4.json,tasks/by_database/spider_data__flight_4.jsonl
spider_data__flight_4,flight_4,aviation_airport,机场航空,task_000566,How many routes does American Airlines operate?,False,,schemas/by_database/spider_data__flight_4.json,tasks/by_database/spider_data__flight_4.jsonl
spider_data__flight_4,flight_4,aviation_airport,机场航空,task_000567,Find the number of routes whose destination airports are in Canada.,False,,schemas/by_database/spider_data__flight_4.json,tasks/by_database/spider_data__flight_4.jsonl
spider_data__flight_4,flight_4,aviation_airport,机场航空,task_000568,How many routes end in a Canadian airport?,False,,schemas/by_database/spider_data__flight_4.json,tasks/by_database/spider_data__flight_4.jsonl
spider_data__flight_4,flight_4,aviation_airport,机场航空,task_000569,"Find the name, city, and country of the airport that has the lowest altitude.",False,,schemas/by_database/spider_data__flight_4.json,tasks/by_database/spider_data__flight_4.jsonl
spider_data__flight_4,flight_4,aviation_airport,机场航空,task_000570,"What is the name, city, and country of the airport with the lowest altitude?",False,,schemas/by_database/spider_data__flight_4.json,tasks/by_database/spider_data__flight_4.jsonl
spider_data__flight_4,flight_4,aviation_airport,机场航空,task_000571,"Find the name, city, and country of the airport that has the highest latitude.",True,sql,schemas/by_database/spider_data__flight_4.json,tasks/by_database/spider_data__flight_4.jsonl
spider_data__flight_4,flight_4,aviation_airport,机场航空,task_000572,"What is the name, city, and country of the airport with the highest elevation?",False,,schemas/by_database/spider_data__flight_4.json,tasks/by_database/spider_data__flight_4.jsonl
spider_data__flight_4,flight_4,aviation_airport,机场航空,task_000573,Find the name and city of the airport which is the destination of the most number of routes.,False,,schemas/by_database/spider_data__flight_4.json,tasks/by_database/spider_data__flight_4.jsonl
spider_data__flight_4,flight_4,aviation_airport,机场航空,task_000574,What is the name and city of the airport that the most routes end at?,False,,schemas/by_database/spider_data__flight_4.json,tasks/by_database/spider_data__flight_4.jsonl
spider_data__flight_4,flight_4,aviation_airport,机场航空,task_000575,Find the names of the top 10 airlines that operate the most number of routes.,False,,schemas/by_database/spider_data__flight_4.json,tasks/by_database/spider_data__flight_4.jsonl
spider_data__flight_4,flight_4,aviation_airport,机场航空,task_000576,"For the airline ids with the top 10 most routes operated, what are their names?",False,,schemas/by_database/spider_data__flight_4.json,tasks/by_database/spider_data__flight_4.jsonl
spider_data__flight_4,flight_4,aviation_airport,机场航空,task_000577,Find the name and city of the airport which is the source for the most number of flight routes.,False,,schemas/by_database/spider_data__flight_4.json,tasks/by_database/spider_data__flight_4.jsonl
spider_data__flight_4,flight_4,aviation_airport,机场航空,task_000578,What is the name and city of the airport from most of the routes start?,False,,schemas/by_database/spider_data__flight_4.json,tasks/by_database/spider_data__flight_4.jsonl
spider_data__flight_4,flight_4,aviation_airport,机场航空,task_000579,Find the number of different airports which are the destinations of the American Airlines.,False,,schemas/by_database/spider_data__flight_4.json,tasks/by_database/spider_data__flight_4.jsonl
spider_data__flight_4,flight_4,aviation_airport,机场航空,task_000580,What is the number of different different airports that are destinations for American Airlines?,False,,schemas/by_database/spider_data__flight_4.json,tasks/by_database/spider_data__flight_4.jsonl
spider_data__flight_4,flight_4,aviation_airport,机场航空,task_000581,Which countries has the most number of airlines?,False,,schemas/by_database/spider_data__flight_4.json,tasks/by_database/spider_data__flight_4.jsonl
spider_data__flight_4,flight_4,aviation_airport,机场航空,task_000582,What is the name of the country with the most number of home airlines?,False,,schemas/by_database/spider_data__flight_4.json,tasks/by_database/spider_data__flight_4.jsonl
spider_data__flight_4,flight_4,aviation_airport,机场航空,task_000583,Which countries has the most number of airlines whose active status is 'Y'?,False,,schemas/by_database/spider_data__flight_4.json,tasks/by_database/spider_data__flight_4.jsonl
spider_data__flight_4,flight_4,aviation_airport,机场航空,task_000584,What are the countries with the most airlines whose active status is Y?,False,,schemas/by_database/spider_data__flight_4.json,tasks/by_database/spider_data__flight_4.jsonl
spider_data__flight_4,flight_4,aviation_airport,机场航空,task_000585,List all countries and their number of airlines in the descending order of number of airlines.,False,,schemas/by_database/spider_data__flight_4.json,tasks/by_database/spider_data__flight_4.jsonl
spider_data__flight_4,flight_4,aviation_airport,机场航空,task_000586,How many airlines operate out of each country in descending order?,False,,schemas/by_database/spider_data__flight_4.json,tasks/by_database/spider_data__flight_4.jsonl
spider_data__flight_4,flight_4,aviation_airport,机场航空,task_000587,How many airports are there per country? Order the countries by decreasing number of airports.,False,,schemas/by_database/spider_data__flight_4.json,tasks/by_database/spider_data__flight_4.jsonl
spider_data__flight_4,flight_4,aviation_airport,机场航空,task_000588,"What is the number of airports per country, ordered from most to least?",False,,schemas/by_database/spider_data__flight_4.json,tasks/by_database/spider_data__flight_4.jsonl
spider_data__flight_4,flight_4,aviation_airport,机场航空,task_000589,How many airports are there per city in the United States? Order the cities by decreasing number of airports.,False,,schemas/by_database/spider_data__flight_4.json,tasks/by_database/spider_data__flight_4.jsonl
spider_data__flight_4,flight_4,aviation_airport,机场航空,task_000590,How many airports are there per city in the US ordered from most to least?,False,,schemas/by_database/spider_data__flight_4.json,tasks/by_database/spider_data__flight_4.jsonl
spider_data__flight_4,flight_4,aviation_airport,机场航空,task_000591,Return the cities with more than 3 airports in the United States.,False,,schemas/by_database/spider_data__flight_4.json,tasks/by_database/spider_data__flight_4.jsonl
spider_data__flight_4,flight_4,aviation_airport,机场航空,task_000592,What is the number of cities in the United States with more than 3 airports?,True,sql,schemas/by_database/spider_data__flight_4.json,tasks/by_database/spider_data__flight_4.jsonl
spider_data__flight_4,flight_4,aviation_airport,机场航空,task_000593,How many cities are there that have more than 3 airports?,False,,schemas/by_database/spider_data__flight_4.json,tasks/by_database/spider_data__flight_4.jsonl
spider_data__flight_4,flight_4,aviation_airport,机场航空,task_000594,What is the count of cities with more than 3 airports?,False,,schemas/by_database/spider_data__flight_4.json,tasks/by_database/spider_data__flight_4.jsonl
spider_data__flight_4,flight_4,aviation_airport,机场航空,task_000595,List the cities which have more than one airport and number of airports.,False,,schemas/by_database/spider_data__flight_4.json,tasks/by_database/spider_data__flight_4.jsonl
spider_data__flight_4,flight_4,aviation_airport,机场航空,task_000596,What are the names of all cities with more than one airport and how many airports do they have?,False,,schemas/by_database/spider_data__flight_4.json,tasks/by_database/spider_data__flight_4.jsonl
spider_data__flight_4,flight_4,aviation_airport,机场航空,task_000597,List the cities which have more than 2 airports sorted by the number of airports.,False,,schemas/by_database/spider_data__flight_4.json,tasks/by_database/spider_data__flight_4.jsonl
spider_data__flight_4,flight_4,aviation_airport,机场航空,task_000598,What are the cities that have more than 2 airports sorted by number of airports?,False,,schemas/by_database/spider_data__flight_4.json,tasks/by_database/spider_data__flight_4.jsonl
spider_data__flight_4,flight_4,aviation_airport,机场航空,task_000599,Find the number of routes for each source airport and the airport name.,False,,schemas/by_database/spider_data__flight_4.json,tasks/by_database/spider_data__flight_4.jsonl
spider_data__flight_4,flight_4,aviation_airport,机场航空,task_000600,"For each airport name, how many routes start at that airport?",False,,schemas/by_database/spider_data__flight_4.json,tasks/by_database/spider_data__flight_4.jsonl
spider_data__flight_4,flight_4,aviation_airport,机场航空,task_000601,"Find the number of routes and airport name for each source airport, order the results by decreasing number of routes.",True,sql,schemas/by_database/spider_data__flight_4.json,tasks/by_database/spider_data__flight_4.jsonl
spider_data__flight_4,flight_4,aviation_airport,机场航空,task_000602,"For each  airport name, how many routes start at that airport, ordered from most to least?",False,,schemas/by_database/spider_data__flight_4.json,tasks/by_database/spider_data__flight_4.jsonl
spider_data__flight_4,flight_4,aviation_airport,机场航空,task_000603,Find the average elevation of all airports for each country.,False,,schemas/by_database/spider_data__flight_4.json,tasks/by_database/spider_data__flight_4.jsonl
spider_data__flight_4,flight_4,aviation_airport,机场航空,task_000604,"For each country, what is the average elevation of that country's airports?",False,,schemas/by_database/spider_data__flight_4.json,tasks/by_database/spider_data__flight_4.jsonl
spider_data__flight_4,flight_4,aviation_airport,机场航空,task_000605,Find the cities which have exactly two airports.,False,,schemas/by_database/spider_data__flight_4.json,tasks/by_database/spider_data__flight_4.jsonl
spider_data__flight_4,flight_4,aviation_airport,机场航空,task_000606,What are the cities with exactly two airports?,False,,schemas/by_database/spider_data__flight_4.json,tasks/by_database/spider_data__flight_4.jsonl
spider_data__flight_4,flight_4,aviation_airport,机场航空,task_000607,"For each country and airline name, how many routes are there?",False,,schemas/by_database/spider_data__flight_4.json,tasks/by_database/spider_data__flight_4.jsonl
spider_data__flight_4,flight_4,aviation_airport,机场航空,task_000608,What is the total number of routes for each country and airline in that country?,False,,schemas/by_database/spider_data__flight_4.json,tasks/by_database/spider_data__flight_4.jsonl
spider_data__flight_4,flight_4,aviation_airport,机场航空,task_000609,Find the number of routes with destination airports in Italy.,False,,schemas/by_database/spider_data__flight_4.json,tasks/by_database/spider_data__flight_4.jsonl
spider_data__flight_4,flight_4,aviation_airport,机场航空,task_000610,What is the number of routes whose destinations are Italian airports?,False,,schemas/by_database/spider_data__flight_4.json,tasks/by_database/spider_data__flight_4.jsonl
spider_data__flight_4,flight_4,aviation_airport,机场航空,task_000611,Return the number of routes with destination airport in Italy operated by the airline with name 'American Airlines'.,False,,schemas/by_database/spider_data__flight_4.json,tasks/by_database/spider_data__flight_4.jsonl
spider_data__flight_4,flight_4,aviation_airport,机场航空,task_000612,What is the number of routes operated by the airline American Airlines whose destinations are in Italy?,False,,schemas/by_database/spider_data__flight_4.json,tasks/by_database/spider_data__flight_4.jsonl
spider_data__flight_4,flight_4,aviation_airport,机场航空,task_000613,Find the number of routes that have destination John F Kennedy International Airport.,False,,schemas/by_database/spider_data__flight_4.json,tasks/by_database/spider_data__flight_4.jsonl
spider_data__flight_4,flight_4,aviation_airport,机场航空,task_000614,What is the number of routes that end at John F Kennedy International Airport?,False,,schemas/by_database/spider_data__flight_4.json,tasks/by_database/spider_data__flight_4.jsonl
spider_data__flight_4,flight_4,aviation_airport,机场航空,task_000615,Find the number of routes from the United States to Canada.,False,,schemas/by_database/spider_data__flight_4.json,tasks/by_database/spider_data__flight_4.jsonl
spider_data__flight_4,flight_4,aviation_airport,机场航空,task_000616,How many routes go from the United States to Canada?,False,,schemas/by_database/spider_data__flight_4.json,tasks/by_database/spider_data__flight_4.jsonl
spider_data__flight_4,flight_4,aviation_airport,机场航空,task_000617,Find the id of routes whose source and destination airports are in the United States.,False,,schemas/by_database/spider_data__flight_4.json,tasks/by_database/spider_data__flight_4.jsonl
spider_data__flight_4,flight_4,aviation_airport,机场航空,task_000618,What is the id of the routes whose source and destination airports are in the United States?,False,,schemas/by_database/spider_data__flight_4.json,tasks/by_database/spider_data__flight_4.jsonl
spider_data__flight_4,flight_4,aviation_airport,机场航空,task_000619,Find the name of airline which runs the most number of routes.,False,,schemas/by_database/spider_data__flight_4.json,tasks/by_database/spider_data__flight_4.jsonl
spider_data__flight_4,flight_4,aviation_airport,机场航空,task_000620,What is the name of the airline with the most routes?,False,,schemas/by_database/spider_data__flight_4.json,tasks/by_database/spider_data__flight_4.jsonl
spider_data__flight_4,flight_4,aviation_airport,机场航空,task_000621,Find the busiest source airport that runs most number of routes in China.,False,,schemas/by_database/spider_data__flight_4.json,tasks/by_database/spider_data__flight_4.jsonl
spider_data__flight_4,flight_4,aviation_airport,机场航空,task_000622,What is the name of the airport with the most number of routes that start in China?,False,,schemas/by_database/spider_data__flight_4.json,tasks/by_database/spider_data__flight_4.jsonl
spider_data__flight_4,flight_4,aviation_airport,机场航空,task_000623,Find the busiest destination airport that runs most number of routes in China.,False,,schemas/by_database/spider_data__flight_4.json,tasks/by_database/spider_data__flight_4.jsonl
spider_data__flight_4,flight_4,aviation_airport,机场航空,task_000624,What is the name of the airport that is the destination of the most number of routes that start in China?,False,,schemas/by_database/spider_data__flight_4.json,tasks/by_database/spider_data__flight_4.jsonl
spider_data__car_1,car_1,road_vehicle_business,道路车辆,task_000625,How many continents are there?,False,,schemas/by_database/spider_data__car_1.json,tasks/by_database/spider_data__car_1.jsonl
spider_data__car_1,car_1,road_vehicle_business,道路车辆,task_000626,What is the number of continents?,False,,schemas/by_database/spider_data__car_1.json,tasks/by_database/spider_data__car_1.jsonl
spider_data__car_1,car_1,road_vehicle_business,道路车辆,task_000627,"How many countries does each continent have? List the continent id, continent name and the number of countries.",False,,schemas/by_database/spider_data__car_1.json,tasks/by_database/spider_data__car_1.jsonl
spider_data__car_1,car_1,road_vehicle_business,道路车辆,task_000628,"For each continent, list its id, name, and how many countries it has?",False,,schemas/by_database/spider_data__car_1.json,tasks/by_database/spider_data__car_1.jsonl
spider_data__car_1,car_1,road_vehicle_business,道路车辆,task_000629,How many countries are listed?,False,,schemas/by_database/spider_data__car_1.json,tasks/by_database/spider_data__car_1.jsonl
spider_data__car_1,car_1,road_vehicle_business,道路车辆,task_000630,How many countries exist?,False,,schemas/by_database/spider_data__car_1.json,tasks/by_database/spider_data__car_1.jsonl
spider_data__car_1,car_1,road_vehicle_business,道路车辆,task_000631,"How many models does each car maker produce? List maker full name, id and the number.",False,,schemas/by_database/spider_data__car_1.json,tasks/by_database/spider_data__car_1.jsonl
spider_data__car_1,car_1,road_vehicle_business,道路车辆,task_000632,"What is the full name of each car maker, along with its id and how many models it produces?",False,,schemas/by_database/spider_data__car_1.json,tasks/by_database/spider_data__car_1.jsonl
spider_data__car_1,car_1,road_vehicle_business,道路车辆,task_000633,Which model of the car has the minimum horsepower?,True,sql,schemas/by_database/spider_data__car_1.json,tasks/by_database/spider_data__car_1.jsonl
spider_data__car_1,car_1,road_vehicle_business,道路车辆,task_000634,What is the model of the car with the smallest amount of horsepower?,False,,schemas/by_database/spider_data__car_1.json,tasks/by_database/spider_data__car_1.jsonl
spider_data__car_1,car_1,road_vehicle_business,道路车辆,task_000635,Find the model of the car whose weight is below the average weight.,False,,schemas/by_database/spider_data__car_1.json,tasks/by_database/spider_data__car_1.jsonl
spider_data__car_1,car_1,road_vehicle_business,道路车辆,task_000636,What is the model for the car with a weight smaller than the average?,False,,schemas/by_database/spider_data__car_1.json,tasks/by_database/spider_data__car_1.jsonl
spider_data__car_1,car_1,road_vehicle_business,道路车辆,task_000637,Find the name of the makers that produced some cars in the year of 1970?,False,,schemas/by_database/spider_data__car_1.json,tasks/by_database/spider_data__car_1.jsonl
spider_data__car_1,car_1,road_vehicle_business,道路车辆,task_000638,What is the name of the different car makers who produced a car in 1970?,False,,schemas/by_database/spider_data__car_1.json,tasks/by_database/spider_data__car_1.jsonl
spider_data__car_1,car_1,road_vehicle_business,道路车辆,task_000639,Find the make and production time of the cars that were produced in the earliest year?,False,,schemas/by_database/spider_data__car_1.json,tasks/by_database/spider_data__car_1.jsonl
spider_data__car_1,car_1,road_vehicle_business,道路车辆,task_000640,"What are the makes of all cars produced in the earliest year, and what year was it?",True,question_and_sql,schemas/by_database/spider_data__car_1.json,tasks/by_database/spider_data__car_1.jsonl
spider_data__car_1,car_1,road_vehicle_business,道路车辆,task_000641,Which distinct car models are the produced after 1980?,False,,schemas/by_database/spider_data__car_1.json,tasks/by_database/spider_data__car_1.jsonl
spider_data__car_1,car_1,road_vehicle_business,道路车辆,task_000642,What are the different models for the cards produced after 1980?,False,,schemas/by_database/spider_data__car_1.json,tasks/by_database/spider_data__car_1.jsonl
spider_data__car_1,car_1,road_vehicle_business,道路车辆,task_000643,How many car makers are there in each continents? List the continent name and the count.,False,,schemas/by_database/spider_data__car_1.json,tasks/by_database/spider_data__car_1.jsonl
spider_data__car_1,car_1,road_vehicle_business,道路车辆,task_000644,What is the name of each continent and how many car makers are there in each one?,False,,schemas/by_database/spider_data__car_1.json,tasks/by_database/spider_data__car_1.jsonl
spider_data__car_1,car_1,road_vehicle_business,道路车辆,task_000645,Which of the countries has the most car makers? List the country name.,False,,schemas/by_database/spider_data__car_1.json,tasks/by_database/spider_data__car_1.jsonl
spider_data__car_1,car_1,road_vehicle_business,道路车辆,task_000646,What is the name of the country with the most car makers?,False,,schemas/by_database/spider_data__car_1.json,tasks/by_database/spider_data__car_1.jsonl
spider_data__car_1,car_1,road_vehicle_business,道路车辆,task_000647,How many car models are produced by each maker ? Only list the count and the maker full name .,False,,schemas/by_database/spider_data__car_1.json,tasks/by_database/spider_data__car_1.jsonl
spider_data__car_1,car_1,road_vehicle_business,道路车辆,task_000648,What is the number of car models that are produced by each maker and what is the id and full name of each maker?,False,,schemas/by_database/spider_data__car_1.json,tasks/by_database/spider_data__car_1.jsonl
spider_data__car_1,car_1,road_vehicle_business,道路车辆,task_000649,What is the accelerate of the car make amc hornet sportabout (sw)?,False,,schemas/by_database/spider_data__car_1.json,tasks/by_database/spider_data__car_1.jsonl
spider_data__car_1,car_1,road_vehicle_business,道路车辆,task_000650,How much does the car accelerate that makes amc hornet sportabout (sw)?,False,,schemas/by_database/spider_data__car_1.json,tasks/by_database/spider_data__car_1.jsonl
spider_data__car_1,car_1,road_vehicle_business,道路车辆,task_000651,How many car makers are there in france?,False,,schemas/by_database/spider_data__car_1.json,tasks/by_database/spider_data__car_1.jsonl
spider_data__car_1,car_1,road_vehicle_business,道路车辆,task_000652,What is the number of makers of care in France?,False,,schemas/by_database/spider_data__car_1.json,tasks/by_database/spider_data__car_1.jsonl
spider_data__car_1,car_1,road_vehicle_business,道路车辆,task_000653,How many car models are produced in the usa?,False,,schemas/by_database/spider_data__car_1.json,tasks/by_database/spider_data__car_1.jsonl
spider_data__car_1,car_1,road_vehicle_business,道路车辆,task_000654,What is the count of the car models produced in the United States?,False,,schemas/by_database/spider_data__car_1.json,tasks/by_database/spider_data__car_1.jsonl
spider_data__car_1,car_1,road_vehicle_business,道路车辆,task_000655,What is the average miles per gallon(mpg) of the cars with 4 cylinders?,False,,schemas/by_database/spider_data__car_1.json,tasks/by_database/spider_data__car_1.jsonl
spider_data__car_1,car_1,road_vehicle_business,道路车辆,task_000656,What is the average miles per gallon of all the cards with 4 cylinders?,False,,schemas/by_database/spider_data__car_1.json,tasks/by_database/spider_data__car_1.jsonl
spider_data__car_1,car_1,road_vehicle_business,道路车辆,task_000657,What is the smallest weight of the car produced with 8 cylinders on 1974 ?,False,,schemas/by_database/spider_data__car_1.json,tasks/by_database/spider_data__car_1.jsonl
spider_data__car_1,car_1,road_vehicle_business,道路车辆,task_000658,What is the minimum weight of the car with 8 cylinders produced in 1974 ?,False,,schemas/by_database/spider_data__car_1.json,tasks/by_database/spider_data__car_1.jsonl
spider_data__car_1,car_1,road_vehicle_business,道路车辆,task_000659,What are all the makers and models?,True,sql,schemas/by_database/spider_data__car_1.json,tasks/by_database/spider_data__car_1.jsonl
spider_data__car_1,car_1,road_vehicle_business,道路车辆,task_000660,What are the makers and models?,True,sql,schemas/by_database/spider_data__car_1.json,tasks/by_database/spider_data__car_1.jsonl
spider_data__car_1,car_1,road_vehicle_business,道路车辆,task_000661,What are the countries having at least one car maker? List name and id.,False,,schemas/by_database/spider_data__car_1.json,tasks/by_database/spider_data__car_1.jsonl
spider_data__car_1,car_1,road_vehicle_business,道路车辆,task_000662,What are the names and ids of all countries with at least one car maker?,False,,schemas/by_database/spider_data__car_1.json,tasks/by_database/spider_data__car_1.jsonl
spider_data__car_1,car_1,road_vehicle_business,道路车辆,task_000663,What is the number of the cars with horsepower more than 150?,False,,schemas/by_database/spider_data__car_1.json,tasks/by_database/spider_data__car_1.jsonl
spider_data__car_1,car_1,road_vehicle_business,道路车辆,task_000664,What is the number of cars with a horsepower greater than 150?,False,,schemas/by_database/spider_data__car_1.json,tasks/by_database/spider_data__car_1.jsonl
spider_data__car_1,car_1,road_vehicle_business,道路车辆,task_000665,What is the average weight of cars each year?,False,,schemas/by_database/spider_data__car_1.json,tasks/by_database/spider_data__car_1.jsonl
spider_data__car_1,car_1,road_vehicle_business,道路车辆,task_000666,What is the average weight and year for each year?,False,,schemas/by_database/spider_data__car_1.json,tasks/by_database/spider_data__car_1.jsonl
spider_data__car_1,car_1,road_vehicle_business,道路车辆,task_000667,Which countries in europe have at least 3 car manufacturers?,False,,schemas/by_database/spider_data__car_1.json,tasks/by_database/spider_data__car_1.jsonl
spider_data__car_1,car_1,road_vehicle_business,道路车辆,task_000668,What are the names of all European countries with at least 3 manufacturers?,False,,schemas/by_database/spider_data__car_1.json,tasks/by_database/spider_data__car_1.jsonl
spider_data__car_1,car_1,road_vehicle_business,道路车辆,task_000669,What is the maximum horsepower and the make of the car models with 3 cylinders?,False,,schemas/by_database/spider_data__car_1.json,tasks/by_database/spider_data__car_1.jsonl
spider_data__car_1,car_1,road_vehicle_business,道路车辆,task_000670,What is the largest amount of horsepower for the models with 3 cylinders and what make is it?,False,,schemas/by_database/spider_data__car_1.json,tasks/by_database/spider_data__car_1.jsonl
spider_data__car_1,car_1,road_vehicle_business,道路车辆,task_000671,"Which model saves the most gasoline? That is to say, have the maximum miles per gallon.",False,,schemas/by_database/spider_data__car_1.json,tasks/by_database/spider_data__car_1.jsonl
spider_data__car_1,car_1,road_vehicle_business,道路车辆,task_000672,What is the car model with the highest mpg ?,False,,schemas/by_database/spider_data__car_1.json,tasks/by_database/spider_data__car_1.jsonl
spider_data__car_1,car_1,road_vehicle_business,道路车辆,task_000673,What is the average horsepower of the cars before 1980?,False,,schemas/by_database/spider_data__car_1.json,tasks/by_database/spider_data__car_1.jsonl
spider_data__car_1,car_1,road_vehicle_business,道路车辆,task_000674,What is the average horsepower for all cars produced before 1980 ?,False,,schemas/by_database/spider_data__car_1.json,tasks/by_database/spider_data__car_1.jsonl
spider_data__car_1,car_1,road_vehicle_business,道路车辆,task_000675,What is the average edispl of the cars of model volvo?,False,,schemas/by_database/spider_data__car_1.json,tasks/by_database/spider_data__car_1.jsonl
spider_data__car_1,car_1,road_vehicle_business,道路车辆,task_000676,What is the average edispl for all volvos?,False,,schemas/by_database/spider_data__car_1.json,tasks/by_database/spider_data__car_1.jsonl
spider_data__car_1,car_1,road_vehicle_business,道路车辆,task_000677,What is the maximum accelerate for different number of cylinders?,False,,schemas/by_database/spider_data__car_1.json,tasks/by_database/spider_data__car_1.jsonl
spider_data__car_1,car_1,road_vehicle_business,道路车辆,task_000678,What is the maximum accelerate for all the different cylinders?,False,,schemas/by_database/spider_data__car_1.json,tasks/by_database/spider_data__car_1.jsonl
spider_data__car_1,car_1,road_vehicle_business,道路车辆,task_000679,Which model has the most version(make) of cars?,False,,schemas/by_database/spider_data__car_1.json,tasks/by_database/spider_data__car_1.jsonl
spider_data__car_1,car_1,road_vehicle_business,道路车辆,task_000680,What model has the most different versions?,False,,schemas/by_database/spider_data__car_1.json,tasks/by_database/spider_data__car_1.jsonl
spider_data__car_1,car_1,road_vehicle_business,道路车辆,task_000681,How many cars have more than 4 cylinders?,False,,schemas/by_database/spider_data__car_1.json,tasks/by_database/spider_data__car_1.jsonl
spider_data__car_1,car_1,road_vehicle_business,道路车辆,task_000682,What is the number of cars with more than 4 cylinders?,False,,schemas/by_database/spider_data__car_1.json,tasks/by_database/spider_data__car_1.jsonl
spider_data__car_1,car_1,road_vehicle_business,道路车辆,task_000683,how many cars were produced in 1980?,False,,schemas/by_database/spider_data__car_1.json,tasks/by_database/spider_data__car_1.jsonl
spider_data__car_1,car_1,road_vehicle_business,道路车辆,task_000684,"In 1980, how many cars were made?",False,,schemas/by_database/spider_data__car_1.json,tasks/by_database/spider_data__car_1.jsonl
spider_data__car_1,car_1,road_vehicle_business,道路车辆,task_000685,How many car models were produced by the maker with full name American Motor Company?,False,,schemas/by_database/spider_data__car_1.json,tasks/by_database/spider_data__car_1.jsonl
spider_data__car_1,car_1,road_vehicle_business,道路车辆,task_000686,What is the number of car models created by the car maker American Motor Company?,False,,schemas/by_database/spider_data__car_1.json,tasks/by_database/spider_data__car_1.jsonl
spider_data__car_1,car_1,road_vehicle_business,道路车辆,task_000687,Which makers designed more than 3 car models? List full name and the id.,False,,schemas/by_database/spider_data__car_1.json,tasks/by_database/spider_data__car_1.jsonl
spider_data__car_1,car_1,road_vehicle_business,道路车辆,task_000688,What are the names and ids of all makers with more than 3 models?,False,,schemas/by_database/spider_data__car_1.json,tasks/by_database/spider_data__car_1.jsonl
spider_data__car_1,car_1,road_vehicle_business,道路车辆,task_000689,Which distinctive models are produced by maker with the full name General Motors or weighing more than 3500?,False,,schemas/by_database/spider_data__car_1.json,tasks/by_database/spider_data__car_1.jsonl
spider_data__car_1,car_1,road_vehicle_business,道路车辆,task_000690,What are the different models created by either the car maker General Motors or weighed more than 3500?,False,,schemas/by_database/spider_data__car_1.json,tasks/by_database/spider_data__car_1.jsonl
spider_data__car_1,car_1,road_vehicle_business,道路车辆,task_000691,In which years cars were produced weighing no less than 3000 and no more than 4000 ?,False,,schemas/by_database/spider_data__car_1.json,tasks/by_database/spider_data__car_1.jsonl
spider_data__car_1,car_1,road_vehicle_business,道路车辆,task_000692,What are the different years in which there were cars produced that weighed less than 4000 and also cars that weighted more than 3000 ?,False,,schemas/by_database/spider_data__car_1.json,tasks/by_database/spider_data__car_1.jsonl
spider_data__car_1,car_1,road_vehicle_business,道路车辆,task_000693,What is the horsepower of the car with the largest accelerate?,False,,schemas/by_database/spider_data__car_1.json,tasks/by_database/spider_data__car_1.jsonl
spider_data__car_1,car_1,road_vehicle_business,道路车辆,task_000694,What is the horsepower of the car with the greatest accelerate?,False,,schemas/by_database/spider_data__car_1.json,tasks/by_database/spider_data__car_1.jsonl
spider_data__car_1,car_1,road_vehicle_business,道路车辆,task_000695,"For model volvo, how many cylinders does the car with the least accelerate have?",False,,schemas/by_database/spider_data__car_1.json,tasks/by_database/spider_data__car_1.jsonl
spider_data__car_1,car_1,road_vehicle_business,道路车辆,task_000696,"For a volvo model, how many cylinders does the version with least accelerate have?",False,,schemas/by_database/spider_data__car_1.json,tasks/by_database/spider_data__car_1.jsonl
spider_data__car_1,car_1,road_vehicle_business,道路车辆,task_000697,How many cars have a larger accelerate than the car with the largest horsepower?,False,,schemas/by_database/spider_data__car_1.json,tasks/by_database/spider_data__car_1.jsonl
spider_data__car_1,car_1,road_vehicle_business,道路车辆,task_000698,What is the number of cars with a greater accelerate than the one with the most horsepower?,False,,schemas/by_database/spider_data__car_1.json,tasks/by_database/spider_data__car_1.jsonl
spider_data__car_1,car_1,road_vehicle_business,道路车辆,task_000699,How many countries has more than 2 car makers ?,True,sql,schemas/by_database/spider_data__car_1.json,tasks/by_database/spider_data__car_1.jsonl
spider_data__car_1,car_1,road_vehicle_business,道路车辆,task_000700,What is the number of countries with more than 2 car makers ?,True,sql,schemas/by_database/spider_data__car_1.json,tasks/by_database/spider_data__car_1.jsonl
spider_data__car_1,car_1,road_vehicle_business,道路车辆,task_000701,How many cars has over 6 cylinders?,False,,schemas/by_database/spider_data__car_1.json,tasks/by_database/spider_data__car_1.jsonl
spider_data__car_1,car_1,road_vehicle_business,道路车辆,task_000702,What is the number of carsw ith over 6 cylinders?,False,,schemas/by_database/spider_data__car_1.json,tasks/by_database/spider_data__car_1.jsonl
spider_data__car_1,car_1,road_vehicle_business,道路车辆,task_000703,"For the cars with 4 cylinders, which model has the largest horsepower?",False,,schemas/by_database/spider_data__car_1.json,tasks/by_database/spider_data__car_1.jsonl
spider_data__car_1,car_1,road_vehicle_business,道路车辆,task_000704,"For all of the 4 cylinder cars, which model has the most horsepower?",False,,schemas/by_database/spider_data__car_1.json,tasks/by_database/spider_data__car_1.jsonl
spider_data__car_1,car_1,road_vehicle_business,道路车辆,task_000705,"Among the cars with more than lowest horsepower, which ones do not have more than 3 cylinders? List the car makeid and make name.",False,,schemas/by_database/spider_data__car_1.json,tasks/by_database/spider_data__car_1.jsonl
spider_data__car_1,car_1,road_vehicle_business,道路车辆,task_000706,"Among the cars that do not have the minimum horsepower , what are the make ids and names of all those with less than 4 cylinders ?",True,sql,schemas/by_database/spider_data__car_1.json,tasks/by_database/spider_data__car_1.jsonl
spider_data__car_1,car_1,road_vehicle_business,道路车辆,task_000707,What is the maximum miles per gallon of the car with 8 cylinders or produced before 1980 ?,False,,schemas/by_database/spider_data__car_1.json,tasks/by_database/spider_data__car_1.jsonl
spider_data__car_1,car_1,road_vehicle_business,道路车辆,task_000708,What is the maximum mpg of the cars that had 8 cylinders or that were produced before 1980 ?,False,,schemas/by_database/spider_data__car_1.json,tasks/by_database/spider_data__car_1.jsonl
spider_data__car_1,car_1,road_vehicle_business,道路车辆,task_000709,Which models are lighter than 3500 but not built by the 'Ford Motor Company'?,False,,schemas/by_database/spider_data__car_1.json,tasks/by_database/spider_data__car_1.jsonl
spider_data__car_1,car_1,road_vehicle_business,道路车辆,task_000710,What are the different models wthat are lighter than 3500 but were not built by the Ford Motor Company?,False,,schemas/by_database/spider_data__car_1.json,tasks/by_database/spider_data__car_1.jsonl
spider_data__car_1,car_1,road_vehicle_business,道路车辆,task_000711,What are the name of the countries where there is not a single car maker?,False,,schemas/by_database/spider_data__car_1.json,tasks/by_database/spider_data__car_1.jsonl
spider_data__car_1,car_1,road_vehicle_business,道路车辆,task_000712,What are the names of the countries with no car makers?,False,,schemas/by_database/spider_data__car_1.json,tasks/by_database/spider_data__car_1.jsonl
spider_data__car_1,car_1,road_vehicle_business,道路车辆,task_000713,Which car makers produce at least 2 models and more than 3 cars? List the id and the maker.,True,question_and_sql,schemas/by_database/spider_data__car_1.json,tasks/by_database/spider_data__car_1.jsonl
spider_data__car_1,car_1,road_vehicle_business,道路车辆,task_000714,What are the ids and makers of all car makers that produce at least 2 models and make more than 3 cars?,True,sql,schemas/by_database/spider_data__car_1.json,tasks/by_database/spider_data__car_1.jsonl
spider_data__car_1,car_1,road_vehicle_business,道路车辆,task_000715,What are the id and names of the countries which have more than 3 car makers or produce the 'fiat' model?,False,,schemas/by_database/spider_data__car_1.json,tasks/by_database/spider_data__car_1.jsonl
spider_data__car_1,car_1,road_vehicle_business,道路车辆,task_000716,What are the ids and names of all countries that either have more than 3 car makers or produce fiat model ?,False,,schemas/by_database/spider_data__car_1.json,tasks/by_database/spider_data__car_1.jsonl
spider_data__flight_2,flight_2,aviation_airport,机场航空,task_000717,"Which country does Airline ""JetBlue Airways"" belong to?",False,,schemas/by_database/spider_data__flight_2.json,tasks/by_database/spider_data__flight_2.jsonl
spider_data__flight_2,flight_2,aviation_airport,机场航空,task_000718,What country is Jetblue Airways affiliated with?,False,,schemas/by_database/spider_data__flight_2.json,tasks/by_database/spider_data__flight_2.jsonl
spider_data__flight_2,flight_2,aviation_airport,机场航空,task_000719,"What is the abbreviation of Airline ""JetBlue Airways""?",False,,schemas/by_database/spider_data__flight_2.json,tasks/by_database/spider_data__flight_2.jsonl
spider_data__flight_2,flight_2,aviation_airport,机场航空,task_000720,Which abbreviation corresponds to Jetblue Airways?,False,,schemas/by_database/spider_data__flight_2.json,tasks/by_database/spider_data__flight_2.jsonl
spider_data__flight_2,flight_2,aviation_airport,机场航空,task_000721,"List all airline names and their abbreviations in ""USA"".",False,,schemas/by_database/spider_data__flight_2.json,tasks/by_database/spider_data__flight_2.jsonl
spider_data__flight_2,flight_2,aviation_airport,机场航空,task_000722,What are the airline names and abbreviations for airlines in the USA?,False,,schemas/by_database/spider_data__flight_2.json,tasks/by_database/spider_data__flight_2.jsonl
spider_data__flight_2,flight_2,aviation_airport,机场航空,task_000723,List the airport code and name in the city of Anthony.,False,,schemas/by_database/spider_data__flight_2.json,tasks/by_database/spider_data__flight_2.jsonl
spider_data__flight_2,flight_2,aviation_airport,机场航空,task_000724,Give the airport code and airport name corresonding to the city Anthony.,False,,schemas/by_database/spider_data__flight_2.json,tasks/by_database/spider_data__flight_2.jsonl
spider_data__flight_2,flight_2,aviation_airport,机场航空,task_000725,How many airlines do we have?,False,,schemas/by_database/spider_data__flight_2.json,tasks/by_database/spider_data__flight_2.jsonl
spider_data__flight_2,flight_2,aviation_airport,机场航空,task_000726,What is the total number of airlines?,False,,schemas/by_database/spider_data__flight_2.json,tasks/by_database/spider_data__flight_2.jsonl
spider_data__flight_2,flight_2,aviation_airport,机场航空,task_000727,How many airports do we have?,False,,schemas/by_database/spider_data__flight_2.json,tasks/by_database/spider_data__flight_2.jsonl
spider_data__flight_2,flight_2,aviation_airport,机场航空,task_000728,Return the number of  airports.,False,,schemas/by_database/spider_data__flight_2.json,tasks/by_database/spider_data__flight_2.jsonl
spider_data__flight_2,flight_2,aviation_airport,机场航空,task_000729,How many flights do we have?,False,,schemas/by_database/spider_data__flight_2.json,tasks/by_database/spider_data__flight_2.jsonl
spider_data__flight_2,flight_2,aviation_airport,机场航空,task_000730,Return the number of flights.,False,,schemas/by_database/spider_data__flight_2.json,tasks/by_database/spider_data__flight_2.jsonl
spider_data__flight_2,flight_2,aviation_airport,机场航空,task_000731,Which airline has abbreviation 'UAL'?,False,,schemas/by_database/spider_data__flight_2.json,tasks/by_database/spider_data__flight_2.jsonl
spider_data__flight_2,flight_2,aviation_airport,机场航空,task_000732,Give the airline with abbreviation 'UAL'.,False,,schemas/by_database/spider_data__flight_2.json,tasks/by_database/spider_data__flight_2.jsonl
spider_data__flight_2,flight_2,aviation_airport,机场航空,task_000733,How many airlines are from USA?,False,,schemas/by_database/spider_data__flight_2.json,tasks/by_database/spider_data__flight_2.jsonl
spider_data__flight_2,flight_2,aviation_airport,机场航空,task_000734,Return the number of airlines in the USA.,False,,schemas/by_database/spider_data__flight_2.json,tasks/by_database/spider_data__flight_2.jsonl
spider_data__flight_2,flight_2,aviation_airport,机场航空,task_000735,Which city and country is the Alton airport at?,False,,schemas/by_database/spider_data__flight_2.json,tasks/by_database/spider_data__flight_2.jsonl
spider_data__flight_2,flight_2,aviation_airport,机场航空,task_000736,Give the city and country for the Alton airport.,False,,schemas/by_database/spider_data__flight_2.json,tasks/by_database/spider_data__flight_2.jsonl
spider_data__flight_2,flight_2,aviation_airport,机场航空,task_000737,What is the airport name for airport 'AKO'?,False,,schemas/by_database/spider_data__flight_2.json,tasks/by_database/spider_data__flight_2.jsonl
spider_data__flight_2,flight_2,aviation_airport,机场航空,task_000738,Return the name of the airport with code 'AKO'.,False,,schemas/by_database/spider_data__flight_2.json,tasks/by_database/spider_data__flight_2.jsonl
spider_data__flight_2,flight_2,aviation_airport,机场航空,task_000739,What are airport names at City 'Aberdeen'?,False,,schemas/by_database/spider_data__flight_2.json,tasks/by_database/spider_data__flight_2.jsonl
spider_data__flight_2,flight_2,aviation_airport,机场航空,task_000740,What are the names of airports in Aberdeen?,False,,schemas/by_database/spider_data__flight_2.json,tasks/by_database/spider_data__flight_2.jsonl
spider_data__flight_2,flight_2,aviation_airport,机场航空,task_000741,How many flights depart from 'APG'?,False,,schemas/by_database/spider_data__flight_2.json,tasks/by_database/spider_data__flight_2.jsonl
spider_data__flight_2,flight_2,aviation_airport,机场航空,task_000742,Count the number of flights departing from 'APG'.,False,,schemas/by_database/spider_data__flight_2.json,tasks/by_database/spider_data__flight_2.jsonl
spider_data__flight_2,flight_2,aviation_airport,机场航空,task_000743,How many flights have destination ATO?,False,,schemas/by_database/spider_data__flight_2.json,tasks/by_database/spider_data__flight_2.jsonl
spider_data__flight_2,flight_2,aviation_airport,机场航空,task_000744,Count the number of flights into ATO.,False,,schemas/by_database/spider_data__flight_2.json,tasks/by_database/spider_data__flight_2.jsonl
spider_data__flight_2,flight_2,aviation_airport,机场航空,task_000745,How many flights depart from City Aberdeen?,False,,schemas/by_database/spider_data__flight_2.json,tasks/by_database/spider_data__flight_2.jsonl
spider_data__flight_2,flight_2,aviation_airport,机场航空,task_000746,Return the number of flights departing from Aberdeen.,False,,schemas/by_database/spider_data__flight_2.json,tasks/by_database/spider_data__flight_2.jsonl
spider_data__flight_2,flight_2,aviation_airport,机场航空,task_000747,How many flights arriving in Aberdeen city?,False,,schemas/by_database/spider_data__flight_2.json,tasks/by_database/spider_data__flight_2.jsonl
spider_data__flight_2,flight_2,aviation_airport,机场航空,task_000748,Return the number of flights arriving in Aberdeen.,False,,schemas/by_database/spider_data__flight_2.json,tasks/by_database/spider_data__flight_2.jsonl
spider_data__flight_2,flight_2,aviation_airport,机场航空,task_000749,How many flights depart from City 'Aberdeen' and have destination City 'Ashley'?,False,,schemas/by_database/spider_data__flight_2.json,tasks/by_database/spider_data__flight_2.jsonl
spider_data__flight_2,flight_2,aviation_airport,机场航空,task_000750,How many flights fly from Aberdeen to Ashley?,False,,schemas/by_database/spider_data__flight_2.json,tasks/by_database/spider_data__flight_2.jsonl
spider_data__flight_2,flight_2,aviation_airport,机场航空,task_000751,How many flights does airline 'JetBlue Airways' have?,False,,schemas/by_database/spider_data__flight_2.json,tasks/by_database/spider_data__flight_2.jsonl
spider_data__flight_2,flight_2,aviation_airport,机场航空,task_000752,Give the number of Jetblue Airways flights.,False,,schemas/by_database/spider_data__flight_2.json,tasks/by_database/spider_data__flight_2.jsonl
spider_data__flight_2,flight_2,aviation_airport,机场航空,task_000753,How many 'United Airlines' flights go to Airport 'ASY'?,False,,schemas/by_database/spider_data__flight_2.json,tasks/by_database/spider_data__flight_2.jsonl
spider_data__flight_2,flight_2,aviation_airport,机场航空,task_000754,Count the number of United Airlines flights arriving in ASY Airport.,False,,schemas/by_database/spider_data__flight_2.json,tasks/by_database/spider_data__flight_2.jsonl
spider_data__flight_2,flight_2,aviation_airport,机场航空,task_000755,How many 'United Airlines' flights depart from Airport 'AHD'?,True,sql,schemas/by_database/spider_data__flight_2.json,tasks/by_database/spider_data__flight_2.jsonl
spider_data__flight_2,flight_2,aviation_airport,机场航空,task_000756,Return the number of United Airlines flights leaving from AHD Airport.,False,,schemas/by_database/spider_data__flight_2.json,tasks/by_database/spider_data__flight_2.jsonl
spider_data__flight_2,flight_2,aviation_airport,机场航空,task_000757,How many United Airlines flights go to City 'Aberdeen'?,False,,schemas/by_database/spider_data__flight_2.json,tasks/by_database/spider_data__flight_2.jsonl
spider_data__flight_2,flight_2,aviation_airport,机场航空,task_000758,Count the number of United Airlines flights that arrive in Aberdeen.,False,,schemas/by_database/spider_data__flight_2.json,tasks/by_database/spider_data__flight_2.jsonl
spider_data__flight_2,flight_2,aviation_airport,机场航空,task_000759,Which city has most number of arriving flights?,False,,schemas/by_database/spider_data__flight_2.json,tasks/by_database/spider_data__flight_2.jsonl
spider_data__flight_2,flight_2,aviation_airport,机场航空,task_000760,Which city has the most frequent destination airport?,False,,schemas/by_database/spider_data__flight_2.json,tasks/by_database/spider_data__flight_2.jsonl
spider_data__flight_2,flight_2,aviation_airport,机场航空,task_000761,Which city has most number of departing flights?,False,,schemas/by_database/spider_data__flight_2.json,tasks/by_database/spider_data__flight_2.jsonl
spider_data__flight_2,flight_2,aviation_airport,机场航空,task_000762,Which city is the most frequent source airport?,False,,schemas/by_database/spider_data__flight_2.json,tasks/by_database/spider_data__flight_2.jsonl
spider_data__flight_2,flight_2,aviation_airport,机场航空,task_000763,What is the code of airport that has the highest number of flights?,True,sql,schemas/by_database/spider_data__flight_2.json,tasks/by_database/spider_data__flight_2.jsonl
spider_data__flight_2,flight_2,aviation_airport,机场航空,task_000764,What is the airport code of the airport with the most flights?,True,sql,schemas/by_database/spider_data__flight_2.json,tasks/by_database/spider_data__flight_2.jsonl
spider_data__flight_2,flight_2,aviation_airport,机场航空,task_000765,What is the code of airport that has fewest number of flights?,True,sql,schemas/by_database/spider_data__flight_2.json,tasks/by_database/spider_data__flight_2.jsonl
spider_data__flight_2,flight_2,aviation_airport,机场航空,task_000766,Give the code of the airport with the least flights.,True,sql,schemas/by_database/spider_data__flight_2.json,tasks/by_database/spider_data__flight_2.jsonl
spider_data__flight_2,flight_2,aviation_airport,机场航空,task_000767,Which airline has most number of flights?,False,,schemas/by_database/spider_data__flight_2.json,tasks/by_database/spider_data__flight_2.jsonl
spider_data__flight_2,flight_2,aviation_airport,机场航空,task_000768,What airline serves the most flights?,False,,schemas/by_database/spider_data__flight_2.json,tasks/by_database/spider_data__flight_2.jsonl
spider_data__flight_2,flight_2,aviation_airport,机场航空,task_000769,Find the abbreviation and country of the airline that has fewest number of flights?,True,sql,schemas/by_database/spider_data__flight_2.json,tasks/by_database/spider_data__flight_2.jsonl
spider_data__flight_2,flight_2,aviation_airport,机场航空,task_000770,What is the abbreviation of the airilne has the fewest flights and what country is it in?,True,sql,schemas/by_database/spider_data__flight_2.json,tasks/by_database/spider_data__flight_2.jsonl
spider_data__flight_2,flight_2,aviation_airport,机场航空,task_000771,What are airlines that have some flight departing from airport 'AHD'?,False,,schemas/by_database/spider_data__flight_2.json,tasks/by_database/spider_data__flight_2.jsonl
spider_data__flight_2,flight_2,aviation_airport,机场航空,task_000772,Which airlines have a flight with source airport AHD?,False,,schemas/by_database/spider_data__flight_2.json,tasks/by_database/spider_data__flight_2.jsonl
spider_data__flight_2,flight_2,aviation_airport,机场航空,task_000773,What are airlines that have flights arriving at airport 'AHD'?,False,,schemas/by_database/spider_data__flight_2.json,tasks/by_database/spider_data__flight_2.jsonl
spider_data__flight_2,flight_2,aviation_airport,机场航空,task_000774,Which airlines have a flight with destination airport AHD?,False,,schemas/by_database/spider_data__flight_2.json,tasks/by_database/spider_data__flight_2.jsonl
spider_data__flight_2,flight_2,aviation_airport,机场航空,task_000775,Find all airlines that have flights from both airports 'APG' and 'CVO'.,False,,schemas/by_database/spider_data__flight_2.json,tasks/by_database/spider_data__flight_2.jsonl
spider_data__flight_2,flight_2,aviation_airport,机场航空,task_000776,Which airlines have departing flights from both APG and CVO airports?,False,,schemas/by_database/spider_data__flight_2.json,tasks/by_database/spider_data__flight_2.jsonl
spider_data__flight_2,flight_2,aviation_airport,机场航空,task_000777,Find all airlines that have flights from airport 'CVO' but not from 'APG'.,False,,schemas/by_database/spider_data__flight_2.json,tasks/by_database/spider_data__flight_2.jsonl
spider_data__flight_2,flight_2,aviation_airport,机场航空,task_000778,Which airlines have departures from CVO but not from APG airports?,False,,schemas/by_database/spider_data__flight_2.json,tasks/by_database/spider_data__flight_2.jsonl
spider_data__flight_2,flight_2,aviation_airport,机场航空,task_000779,Find all airlines that have at least 10 flights.,False,,schemas/by_database/spider_data__flight_2.json,tasks/by_database/spider_data__flight_2.jsonl
spider_data__flight_2,flight_2,aviation_airport,机场航空,task_000780,Which airlines have at least 10 flights?,False,,schemas/by_database/spider_data__flight_2.json,tasks/by_database/spider_data__flight_2.jsonl
spider_data__flight_2,flight_2,aviation_airport,机场航空,task_000781,Find all airlines that have fewer than 200 flights.,False,,schemas/by_database/spider_data__flight_2.json,tasks/by_database/spider_data__flight_2.jsonl
spider_data__flight_2,flight_2,aviation_airport,机场航空,task_000782,Which airlines have less than 200 flights?,False,,schemas/by_database/spider_data__flight_2.json,tasks/by_database/spider_data__flight_2.jsonl
spider_data__flight_2,flight_2,aviation_airport,机场航空,task_000783,"What are flight numbers of Airline ""United Airlines""?",False,,schemas/by_database/spider_data__flight_2.json,tasks/by_database/spider_data__flight_2.jsonl
spider_data__flight_2,flight_2,aviation_airport,机场航空,task_000784,Which flight numbers correspond to United Airlines flights?,False,,schemas/by_database/spider_data__flight_2.json,tasks/by_database/spider_data__flight_2.jsonl
spider_data__flight_2,flight_2,aviation_airport,机场航空,task_000785,"What are flight numbers of flights departing from Airport ""APG""?",False,,schemas/by_database/spider_data__flight_2.json,tasks/by_database/spider_data__flight_2.jsonl
spider_data__flight_2,flight_2,aviation_airport,机场航空,task_000786,Give the flight numbers of flights leaving from APG.,False,,schemas/by_database/spider_data__flight_2.json,tasks/by_database/spider_data__flight_2.jsonl
spider_data__flight_2,flight_2,aviation_airport,机场航空,task_000787,"What are flight numbers of flights arriving at Airport ""APG""?",False,,schemas/by_database/spider_data__flight_2.json,tasks/by_database/spider_data__flight_2.jsonl
spider_data__flight_2,flight_2,aviation_airport,机场航空,task_000788,Give the flight numbers of flights landing at APG.,False,,schemas/by_database/spider_data__flight_2.json,tasks/by_database/spider_data__flight_2.jsonl
spider_data__flight_2,flight_2,aviation_airport,机场航空,task_000789,"What are flight numbers of flights departing from City ""Aberdeen ""?",False,,schemas/by_database/spider_data__flight_2.json,tasks/by_database/spider_data__flight_2.jsonl
spider_data__flight_2,flight_2,aviation_airport,机场航空,task_000790,Give the flight numbers of flights leaving from Aberdeen.,False,,schemas/by_database/spider_data__flight_2.json,tasks/by_database/spider_data__flight_2.jsonl
spider_data__flight_2,flight_2,aviation_airport,机场航空,task_000791,"What are flight numbers of flights arriving at City ""Aberdeen""?",False,,schemas/by_database/spider_data__flight_2.json,tasks/by_database/spider_data__flight_2.jsonl
spider_data__flight_2,flight_2,aviation_airport,机场航空,task_000792,Give the flight numbers of flights arriving in Aberdeen.,False,,schemas/by_database/spider_data__flight_2.json,tasks/by_database/spider_data__flight_2.jsonl
spider_data__flight_2,flight_2,aviation_airport,机场航空,task_000793,Find the number of flights landing in the city of Aberdeen or Abilene.,False,,schemas/by_database/spider_data__flight_2.json,tasks/by_database/spider_data__flight_2.jsonl
spider_data__flight_2,flight_2,aviation_airport,机场航空,task_000794,How many flights land in Aberdeen or Abilene?,False,,schemas/by_database/spider_data__flight_2.json,tasks/by_database/spider_data__flight_2.jsonl
spider_data__flight_2,flight_2,aviation_airport,机场航空,task_000795,Find the name of airports which do not have any flight in and out.,False,,schemas/by_database/spider_data__flight_2.json,tasks/by_database/spider_data__flight_2.jsonl
spider_data__flight_2,flight_2,aviation_airport,机场航空,task_000796,Which airports do not have departing or arriving flights?,False,,schemas/by_database/spider_data__flight_2.json,tasks/by_database/spider_data__flight_2.jsonl
spider_data__vehicle_driver,vehicle_driver,road_vehicle_business,道路车辆,task_000797,What is the model of the vehicle with maximum top speed whose power is higher than 6000?,True,sql,schemas/by_database/spider_data__vehicle_driver.json,tasks/by_database/spider_data__vehicle_driver.jsonl
spider_data__vehicle_driver,vehicle_driver,road_vehicle_business,道路车辆,task_000798,"Of vehicles with power over 6000, return the model of the vehicle with the greatest top speed.",False,,schemas/by_database/spider_data__vehicle_driver.json,tasks/by_database/spider_data__vehicle_driver.jsonl
spider_data__vehicle_driver,vehicle_driver,road_vehicle_business,道路车辆,task_000799,What are the names of the drivers who are citizens of the 'United States'?,False,,schemas/by_database/spider_data__vehicle_driver.json,tasks/by_database/spider_data__vehicle_driver.jsonl
spider_data__vehicle_driver,vehicle_driver,road_vehicle_business,道路车辆,task_000800,Return the names of drivers with citizenship from the United States.,False,,schemas/by_database/spider_data__vehicle_driver.json,tasks/by_database/spider_data__vehicle_driver.jsonl
spider_data__vehicle_driver,vehicle_driver,road_vehicle_business,道路车辆,task_000801,"How many vehicles has a driver driven at most, and what is the driver id of the driver who has driven this many vehicles?",False,,schemas/by_database/spider_data__vehicle_driver.json,tasks/by_database/spider_data__vehicle_driver.jsonl
spider_data__vehicle_driver,vehicle_driver,road_vehicle_business,道路车辆,task_000802,"What is the id of the driver who has driven the most vehicles, and how many vehicles is this?",False,,schemas/by_database/spider_data__vehicle_driver.json,tasks/by_database/spider_data__vehicle_driver.jsonl
spider_data__vehicle_driver,vehicle_driver,road_vehicle_business,道路车辆,task_000803,What is the maximum and average power for the vehicles manufactured by 'Zhuzhou'?,False,,schemas/by_database/spider_data__vehicle_driver.json,tasks/by_database/spider_data__vehicle_driver.jsonl
spider_data__vehicle_driver,vehicle_driver,road_vehicle_business,道路车辆,task_000804,Return the maximum and average power for the vehicles built by Zhuzhou.,False,,schemas/by_database/spider_data__vehicle_driver.json,tasks/by_database/spider_data__vehicle_driver.jsonl
spider_data__vehicle_driver,vehicle_driver,road_vehicle_business,道路车辆,task_000805,What is the id of the vehicle driven for the least times for the vehicles ever used?,False,,schemas/by_database/spider_data__vehicle_driver.json,tasks/by_database/spider_data__vehicle_driver.jsonl
spider_data__vehicle_driver,vehicle_driver,road_vehicle_business,道路车辆,task_000806,Return the id of the vehicle that has been driven the fewest times.,False,,schemas/by_database/spider_data__vehicle_driver.json,tasks/by_database/spider_data__vehicle_driver.jsonl
spider_data__vehicle_driver,vehicle_driver,road_vehicle_business,道路车辆,task_000807,What is the top speed and power of the vehicle manufactured in the year of 1996?,False,,schemas/by_database/spider_data__vehicle_driver.json,tasks/by_database/spider_data__vehicle_driver.jsonl
spider_data__vehicle_driver,vehicle_driver,road_vehicle_business,道路车辆,task_000808,Return the top speed and power of the vehicle that was built in the year 1996.,False,,schemas/by_database/spider_data__vehicle_driver.json,tasks/by_database/spider_data__vehicle_driver.jsonl
spider_data__vehicle_driver,vehicle_driver,road_vehicle_business,道路车辆,task_000809,"What are the build year, model name and builder of the vehicles?",False,,schemas/by_database/spider_data__vehicle_driver.json,tasks/by_database/spider_data__vehicle_driver.jsonl
spider_data__vehicle_driver,vehicle_driver,road_vehicle_business,道路车辆,task_000810,"Give the build year, model, and builder of each vehicle.",False,,schemas/by_database/spider_data__vehicle_driver.json,tasks/by_database/spider_data__vehicle_driver.jsonl
spider_data__vehicle_driver,vehicle_driver,road_vehicle_business,道路车辆,task_000811,How many drivers have driven vehicles built in 2012?,False,,schemas/by_database/spider_data__vehicle_driver.json,tasks/by_database/spider_data__vehicle_driver.jsonl
spider_data__vehicle_driver,vehicle_driver,road_vehicle_business,道路车辆,task_000812,Count the number of different drivers who have driven vehicles built in 2012.,False,,schemas/by_database/spider_data__vehicle_driver.json,tasks/by_database/spider_data__vehicle_driver.jsonl
spider_data__vehicle_driver,vehicle_driver,road_vehicle_business,道路车辆,task_000813,How many drivers have raced in 'NASCAR'?,False,,schemas/by_database/spider_data__vehicle_driver.json,tasks/by_database/spider_data__vehicle_driver.jsonl
spider_data__vehicle_driver,vehicle_driver,road_vehicle_business,道路车辆,task_000814,Count the number of drivers who have raced in NASCAR.,False,,schemas/by_database/spider_data__vehicle_driver.json,tasks/by_database/spider_data__vehicle_driver.jsonl
spider_data__vehicle_driver,vehicle_driver,road_vehicle_business,道路车辆,task_000815,What is the average top speed of vehicles?,False,,schemas/by_database/spider_data__vehicle_driver.json,tasks/by_database/spider_data__vehicle_driver.jsonl
spider_data__vehicle_driver,vehicle_driver,road_vehicle_business,道路车辆,task_000816,Return the average top speed across all vehicles.,False,,schemas/by_database/spider_data__vehicle_driver.json,tasks/by_database/spider_data__vehicle_driver.jsonl
spider_data__vehicle_driver,vehicle_driver,road_vehicle_business,道路车辆,task_000817,What are the distinct driver names who have driven vehicles with power more than 5000 ?,False,,schemas/by_database/spider_data__vehicle_driver.json,tasks/by_database/spider_data__vehicle_driver.jsonl
spider_data__vehicle_driver,vehicle_driver,road_vehicle_business,道路车辆,task_000818,Return the names of drivers who have driven vehicles with power over 5000.,False,,schemas/by_database/spider_data__vehicle_driver.json,tasks/by_database/spider_data__vehicle_driver.jsonl
spider_data__vehicle_driver,vehicle_driver,road_vehicle_business,道路车辆,task_000819,Which car models have total production larger than 100 or top speed higher than 150?,False,,schemas/by_database/spider_data__vehicle_driver.json,tasks/by_database/spider_data__vehicle_driver.jsonl
spider_data__vehicle_driver,vehicle_driver,road_vehicle_business,道路车辆,task_000820,Give the models of cars that have a total production of over 100 or a top speed over 150.,False,,schemas/by_database/spider_data__vehicle_driver.json,tasks/by_database/spider_data__vehicle_driver.jsonl
spider_data__vehicle_driver,vehicle_driver,road_vehicle_business,道路车辆,task_000821,What are the model names and build year of the cars with 'DJ' in its model name?,False,,schemas/by_database/spider_data__vehicle_driver.json,tasks/by_database/spider_data__vehicle_driver.jsonl
spider_data__vehicle_driver,vehicle_driver,road_vehicle_business,道路车辆,task_000822,"Return the model and build year of cars that include ""DJ"" in their model names.",False,,schemas/by_database/spider_data__vehicle_driver.json,tasks/by_database/spider_data__vehicle_driver.jsonl
spider_data__vehicle_driver,vehicle_driver,road_vehicle_business,道路车辆,task_000823,What are the models which have not been driven by any drivers?,False,,schemas/by_database/spider_data__vehicle_driver.json,tasks/by_database/spider_data__vehicle_driver.jsonl
spider_data__vehicle_driver,vehicle_driver,road_vehicle_business,道路车辆,task_000824,Return the models of vehicles that have never been driven.,False,,schemas/by_database/spider_data__vehicle_driver.json,tasks/by_database/spider_data__vehicle_driver.jsonl
spider_data__vehicle_driver,vehicle_driver,road_vehicle_business,道路车辆,task_000825,What are the vehicle ids and models of the vehicle which have been driven by two drivers or been manufactured by 'Ziyang'.,False,,schemas/by_database/spider_data__vehicle_driver.json,tasks/by_database/spider_data__vehicle_driver.jsonl
spider_data__vehicle_driver,vehicle_driver,road_vehicle_business,道路车辆,task_000826,Return the ids and models of vehicles that have been driven by exactly two drivers or built by Ziyang.,False,,schemas/by_database/spider_data__vehicle_driver.json,tasks/by_database/spider_data__vehicle_driver.jsonl
spider_data__vehicle_driver,vehicle_driver,road_vehicle_business,道路车辆,task_000827,What are the vehicle ids and models which have been driven by more than 2 drivers or been driven by the driver named 'Jeff Gordon'?,False,,schemas/by_database/spider_data__vehicle_driver.json,tasks/by_database/spider_data__vehicle_driver.jsonl
spider_data__vehicle_driver,vehicle_driver,road_vehicle_business,道路车辆,task_000828,Return the ids and models of vehicles that have been driven by more than 2 drivers or been driven by the Jeff Gordon.,False,,schemas/by_database/spider_data__vehicle_driver.json,tasks/by_database/spider_data__vehicle_driver.jsonl
spider_data__vehicle_driver,vehicle_driver,road_vehicle_business,道路车辆,task_000829,How many vehicles have maximum top speed?,False,,schemas/by_database/spider_data__vehicle_driver.json,tasks/by_database/spider_data__vehicle_driver.jsonl
spider_data__vehicle_driver,vehicle_driver,road_vehicle_business,道路车辆,task_000830,Count the number of vehicles that have a top speed equal to the maximum across all vehicles.,False,,schemas/by_database/spider_data__vehicle_driver.json,tasks/by_database/spider_data__vehicle_driver.jsonl
spider_data__vehicle_driver,vehicle_driver,road_vehicle_business,道路车辆,task_000831,Show all driver names in the alphabetical order.,False,,schemas/by_database/spider_data__vehicle_driver.json,tasks/by_database/spider_data__vehicle_driver.jsonl
spider_data__vehicle_driver,vehicle_driver,road_vehicle_business,道路车辆,task_000832,"What are the names of drivers, returned in alphbetical order?",False,,schemas/by_database/spider_data__vehicle_driver.json,tasks/by_database/spider_data__vehicle_driver.jsonl
spider_data__vehicle_driver,vehicle_driver,road_vehicle_business,道路车辆,task_000833,How many drivers have been racing in each racing series?,False,,schemas/by_database/spider_data__vehicle_driver.json,tasks/by_database/spider_data__vehicle_driver.jsonl
spider_data__vehicle_driver,vehicle_driver,road_vehicle_business,道路车辆,task_000834,Count the number of drivers that have raced in each series.,False,,schemas/by_database/spider_data__vehicle_driver.json,tasks/by_database/spider_data__vehicle_driver.jsonl
spider_data__vehicle_driver,vehicle_driver,road_vehicle_business,道路车辆,task_000835,What are the name and citizenship of the drivers who have driven the vehicle model 'DJ1'?,False,,schemas/by_database/spider_data__vehicle_driver.json,tasks/by_database/spider_data__vehicle_driver.jsonl
spider_data__vehicle_driver,vehicle_driver,road_vehicle_business,道路车辆,task_000836,Return the names and citizenships of drivers who have driven the vehicle with the model 'DJ1'.,False,,schemas/by_database/spider_data__vehicle_driver.json,tasks/by_database/spider_data__vehicle_driver.jsonl
spider_data__vehicle_driver,vehicle_driver,road_vehicle_business,道路车辆,task_000837,How many drivers have not driven any cars?,False,,schemas/by_database/spider_data__vehicle_driver.json,tasks/by_database/spider_data__vehicle_driver.jsonl
spider_data__vehicle_driver,vehicle_driver,road_vehicle_business,道路车辆,task_000838,Count the number of drivers who have not driven any vehicles.,False,,schemas/by_database/spider_data__vehicle_driver.json,tasks/by_database/spider_data__vehicle_driver.jsonl
spider_data__vehicle_rent,vehicle_rent,road_vehicle_business,道路车辆,task_000839,How many vehicles do we have?,False,,schemas/by_database/spider_data__vehicle_rent.json,tasks/by_database/spider_data__vehicle_rent.jsonl
spider_data__vehicle_rent,vehicle_rent,road_vehicle_business,道路车辆,task_000840,Count the number of vehicles.,False,,schemas/by_database/spider_data__vehicle_rent.json,tasks/by_database/spider_data__vehicle_rent.jsonl
spider_data__vehicle_rent,vehicle_rent,road_vehicle_business,道路车辆,task_000841,Show names for all vehicles in descending order of model year.,False,,schemas/by_database/spider_data__vehicle_rent.json,tasks/by_database/spider_data__vehicle_rent.jsonl
spider_data__vehicle_rent,vehicle_rent,road_vehicle_business,道路车辆,task_000842,"What are the names of all vehicles, ordered by model year descending?",False,,schemas/by_database/spider_data__vehicle_rent.json,tasks/by_database/spider_data__vehicle_rent.jsonl
spider_data__vehicle_rent,vehicle_rent,road_vehicle_business,道路车辆,task_000843,List all distinct types of powertrain of vehicles.,False,,schemas/by_database/spider_data__vehicle_rent.json,tasks/by_database/spider_data__vehicle_rent.jsonl
spider_data__vehicle_rent,vehicle_rent,road_vehicle_business,道路车辆,task_000844,What are the different types of powertrains?,False,,schemas/by_database/spider_data__vehicle_rent.json,tasks/by_database/spider_data__vehicle_rent.jsonl
spider_data__vehicle_rent,vehicle_rent,road_vehicle_business,道路车辆,task_000845,"Show name, type of powertrain, and annual fuel cost for all vehicles with model year 2013 or 2014.",False,,schemas/by_database/spider_data__vehicle_rent.json,tasks/by_database/spider_data__vehicle_rent.jsonl
spider_data__vehicle_rent,vehicle_rent,road_vehicle_business,道路车辆,task_000846,"What are the names, types of powertrains, and yearly fuel costs for vehicles with model years in either 2013 2014?",False,,schemas/by_database/spider_data__vehicle_rent.json,tasks/by_database/spider_data__vehicle_rent.jsonl
spider_data__vehicle_rent,vehicle_rent,road_vehicle_business,道路车辆,task_000847,Show types of powertrain with vehicles both from 2014 and 2013.,False,,schemas/by_database/spider_data__vehicle_rent.json,tasks/by_database/spider_data__vehicle_rent.jsonl
spider_data__vehicle_rent,vehicle_rent,road_vehicle_business,道路车辆,task_000848,What are the types of powertrains that have vehicles that were made in both 2013 and 2014?,False,,schemas/by_database/spider_data__vehicle_rent.json,tasks/by_database/spider_data__vehicle_rent.jsonl
spider_data__vehicle_rent,vehicle_rent,road_vehicle_business,道路车辆,task_000849,Show all types of powertrain and the number of vehicles in each type.,False,,schemas/by_database/spider_data__vehicle_rent.json,tasks/by_database/spider_data__vehicle_rent.jsonl
spider_data__vehicle_rent,vehicle_rent,road_vehicle_business,道路车辆,task_000850,How many vehicles have each type of powertrain?,False,,schemas/by_database/spider_data__vehicle_rent.json,tasks/by_database/spider_data__vehicle_rent.jsonl
spider_data__vehicle_rent,vehicle_rent,road_vehicle_business,道路车辆,task_000851,What is the type of powertrain with most number of vehicles.,False,,schemas/by_database/spider_data__vehicle_rent.json,tasks/by_database/spider_data__vehicle_rent.jsonl
spider_data__vehicle_rent,vehicle_rent,road_vehicle_business,道路车辆,task_000852,Which type of powertrain is most common?,False,,schemas/by_database/spider_data__vehicle_rent.json,tasks/by_database/spider_data__vehicle_rent.jsonl
spider_data__vehicle_rent,vehicle_rent,road_vehicle_business,道路车辆,task_000853,"Show minimum, maximum, and average annual fuel cost for all vehicles.",False,,schemas/by_database/spider_data__vehicle_rent.json,tasks/by_database/spider_data__vehicle_rent.jsonl
spider_data__vehicle_rent,vehicle_rent,road_vehicle_business,道路车辆,task_000854,"What are the minimum, maximum, and average annual fuel costs across all vehicles?",False,,schemas/by_database/spider_data__vehicle_rent.json,tasks/by_database/spider_data__vehicle_rent.jsonl
spider_data__vehicle_rent,vehicle_rent,road_vehicle_business,道路车辆,task_000855,Show name and model year for vehicles with city fuel economy rate less than or equal to highway fuel economy rate.,False,,schemas/by_database/spider_data__vehicle_rent.json,tasks/by_database/spider_data__vehicle_rent.jsonl
spider_data__vehicle_rent,vehicle_rent,road_vehicle_business,道路车辆,task_000856,What are the names and model years for vehicles that have a city fuel economy rate less than or equal to its highway fuel economy rate?,False,,schemas/by_database/spider_data__vehicle_rent.json,tasks/by_database/spider_data__vehicle_rent.jsonl
spider_data__vehicle_rent,vehicle_rent,road_vehicle_business,道路车辆,task_000857,"Show the type of powertrain with at least two vehicles, and the average annual fuel cost for vehicles in each such type.",False,,schemas/by_database/spider_data__vehicle_rent.json,tasks/by_database/spider_data__vehicle_rent.jsonl
spider_data__vehicle_rent,vehicle_rent,road_vehicle_business,道路车辆,task_000858,"What are the types of powertrains for which there are two or more vehicles, and what are their average annual fuel costs?",False,,schemas/by_database/spider_data__vehicle_rent.json,tasks/by_database/spider_data__vehicle_rent.jsonl
spider_data__vehicle_rent,vehicle_rent,road_vehicle_business,道路车辆,task_000859,"Show the name, age, membership credit for all customers?",False,,schemas/by_database/spider_data__vehicle_rent.json,tasks/by_database/spider_data__vehicle_rent.jsonl
spider_data__vehicle_rent,vehicle_rent,road_vehicle_business,道路车辆,task_000860,"What are the names, ages, and membership credits for all customers?",False,,schemas/by_database/spider_data__vehicle_rent.json,tasks/by_database/spider_data__vehicle_rent.jsonl
spider_data__vehicle_rent,vehicle_rent,road_vehicle_business,道路车辆,task_000861,Show the name and age of the customer with maximum membership credit.,False,,schemas/by_database/spider_data__vehicle_rent.json,tasks/by_database/spider_data__vehicle_rent.jsonl
spider_data__vehicle_rent,vehicle_rent,road_vehicle_business,道路车辆,task_000862,What is the name and age of the customer with the most membership credit?,False,,schemas/by_database/spider_data__vehicle_rent.json,tasks/by_database/spider_data__vehicle_rent.jsonl
spider_data__vehicle_rent,vehicle_rent,road_vehicle_business,道路车辆,task_000863,What is the average age for customers with a membership credit above the average?,False,,schemas/by_database/spider_data__vehicle_rent.json,tasks/by_database/spider_data__vehicle_rent.jsonl
spider_data__vehicle_rent,vehicle_rent,road_vehicle_business,道路车辆,task_000864,Return the average age for customers who have membership above the average across all customers.,False,,schemas/by_database/spider_data__vehicle_rent.json,tasks/by_database/spider_data__vehicle_rent.jsonl
spider_data__vehicle_rent,vehicle_rent,road_vehicle_business,道路车辆,task_000865,Show all information for all discounts.,False,,schemas/by_database/spider_data__vehicle_rent.json,tasks/by_database/spider_data__vehicle_rent.jsonl
spider_data__vehicle_rent,vehicle_rent,road_vehicle_business,道路车辆,task_000866,Return all information about discounts.,False,,schemas/by_database/spider_data__vehicle_rent.json,tasks/by_database/spider_data__vehicle_rent.jsonl
spider_data__vehicle_rent,vehicle_rent,road_vehicle_business,道路车辆,task_000867,Show the name and total hours of renting for each vehicle.,True,sql,schemas/by_database/spider_data__vehicle_rent.json,tasks/by_database/spider_data__vehicle_rent.jsonl
spider_data__vehicle_rent,vehicle_rent,road_vehicle_business,道路车辆,task_000868,What are the names and total rental hours for each vehicle?,True,sql,schemas/by_database/spider_data__vehicle_rent.json,tasks/by_database/spider_data__vehicle_rent.jsonl
spider_data__vehicle_rent,vehicle_rent,road_vehicle_business,道路车辆,task_000869,Show the name of vehicles with no renting history.,False,,schemas/by_database/spider_data__vehicle_rent.json,tasks/by_database/spider_data__vehicle_rent.jsonl
spider_data__vehicle_rent,vehicle_rent,road_vehicle_business,道路车辆,task_000870,What are the names of vehicles that have never been rented?,False,,schemas/by_database/spider_data__vehicle_rent.json,tasks/by_database/spider_data__vehicle_rent.jsonl
spider_data__vehicle_rent,vehicle_rent,road_vehicle_business,道路车辆,task_000871,Show the name of customer with at least two renting history records.,False,,schemas/by_database/spider_data__vehicle_rent.json,tasks/by_database/spider_data__vehicle_rent.jsonl
spider_data__vehicle_rent,vehicle_rent,road_vehicle_business,道路车辆,task_000872,What are the names of customers who have two or more records of rental history?,False,,schemas/by_database/spider_data__vehicle_rent.json,tasks/by_database/spider_data__vehicle_rent.jsonl
spider_data__vehicle_rent,vehicle_rent,road_vehicle_business,道路车辆,task_000873,Show the name and model year of the vehicle with most number of renting history records.,False,,schemas/by_database/spider_data__vehicle_rent.json,tasks/by_database/spider_data__vehicle_rent.jsonl
spider_data__vehicle_rent,vehicle_rent,road_vehicle_business,道路车辆,task_000874,What is the name and model year of the vehicle which has been rented the most times?,False,,schemas/by_database/spider_data__vehicle_rent.json,tasks/by_database/spider_data__vehicle_rent.jsonl
spider_data__vehicle_rent,vehicle_rent,road_vehicle_business,道路车辆,task_000875,Show the vehicle name with a descending order of total hours of renting.,False,,schemas/by_database/spider_data__vehicle_rent.json,tasks/by_database/spider_data__vehicle_rent.jsonl
spider_data__vehicle_rent,vehicle_rent,road_vehicle_business,道路车辆,task_000876,"What are the names of vehicles, sorted descending by total hours of renting?",False,,schemas/by_database/spider_data__vehicle_rent.json,tasks/by_database/spider_data__vehicle_rent.jsonl
spider_data__vehicle_rent,vehicle_rent,road_vehicle_business,道路车辆,task_000877,What is the discount name with most number of renting history records?,False,,schemas/by_database/spider_data__vehicle_rent.json,tasks/by_database/spider_data__vehicle_rent.jsonl
spider_data__vehicle_rent,vehicle_rent,road_vehicle_business,道路车辆,task_000878,Return the name of the discount that corresponds to the most rental history records.,False,,schemas/by_database/spider_data__vehicle_rent.json,tasks/by_database/spider_data__vehicle_rent.jsonl
spider_data__vehicle_rent,vehicle_rent,road_vehicle_business,道路车辆,task_000879,Find the name and powertrain type of the cars that rented for more than 30 total hours.,False,,schemas/by_database/spider_data__vehicle_rent.json,tasks/by_database/spider_data__vehicle_rent.jsonl
spider_data__vehicle_rent,vehicle_rent,road_vehicle_business,道路车辆,task_000880,What are the names and powertrain types of cars that have more than 30 total rental hours?,False,,schemas/by_database/spider_data__vehicle_rent.json,tasks/by_database/spider_data__vehicle_rent.jsonl
spider_data__vehicle_rent,vehicle_rent,road_vehicle_business,道路车辆,task_000881,Find the average city and highway fuel rates for cars with different powertrain types.,False,,schemas/by_database/spider_data__vehicle_rent.json,tasks/by_database/spider_data__vehicle_rent.jsonl
spider_data__vehicle_rent,vehicle_rent,road_vehicle_business,道路车辆,task_000882,"What are the average city fuel economy rate, average highway fuel economy rate for different types of powertrains?",False,,schemas/by_database/spider_data__vehicle_rent.json,tasks/by_database/spider_data__vehicle_rent.jsonl
spider_data__boat_1,boat_1,maritime_shipping_logistics,船运物流,task_000883,Return all details of sailors who are older than 30.,False,,schemas/by_database/spider_data__boat_1.json,tasks/by_database/spider_data__boat_1.jsonl
spider_data__boat_1,boat_1,maritime_shipping_logistics,船运物流,task_000884,What can you tell me about sailors who are older than age 30?,False,,schemas/by_database/spider_data__boat_1.json,tasks/by_database/spider_data__boat_1.jsonl
spider_data__boat_1,boat_1,maritime_shipping_logistics,船运物流,task_000885,Return name and age for sailors who are younger than 30.,False,,schemas/by_database/spider_data__boat_1.json,tasks/by_database/spider_data__boat_1.jsonl
spider_data__boat_1,boat_1,maritime_shipping_logistics,船运物流,task_000886,What is the name and age of every sailor who is younger than age 30?,False,,schemas/by_database/spider_data__boat_1.json,tasks/by_database/spider_data__boat_1.jsonl
spider_data__boat_1,boat_1,maritime_shipping_logistics,船运物流,task_000887,Find boats reserved by Sailor with id 1.,False,,schemas/by_database/spider_data__boat_1.json,tasks/by_database/spider_data__boat_1.jsonl
spider_data__boat_1,boat_1,maritime_shipping_logistics,船运物流,task_000888,What are the different boat ids reserved by the sailor whose id is 1?,False,,schemas/by_database/spider_data__boat_1.json,tasks/by_database/spider_data__boat_1.jsonl
spider_data__boat_1,boat_1,maritime_shipping_logistics,船运物流,task_000889,Who reserved boat 102?,False,,schemas/by_database/spider_data__boat_1.json,tasks/by_database/spider_data__boat_1.jsonl
spider_data__boat_1,boat_1,maritime_shipping_logistics,船运物流,task_000890,What is the name of the sailor who reserved boat 102?,False,,schemas/by_database/spider_data__boat_1.json,tasks/by_database/spider_data__boat_1.jsonl
spider_data__boat_1,boat_1,maritime_shipping_logistics,船运物流,task_000891,Return the unique boat ids (bid) of all reserved boats.,False,,schemas/by_database/spider_data__boat_1.json,tasks/by_database/spider_data__boat_1.jsonl
spider_data__boat_1,boat_1,maritime_shipping_logistics,船运物流,task_000892,What are the ids of all boats that are reserved by someone?,False,,schemas/by_database/spider_data__boat_1.json,tasks/by_database/spider_data__boat_1.jsonl
spider_data__boat_1,boat_1,maritime_shipping_logistics,船运物流,task_000893,What is the name of sailors whose names contain letter e?,False,,schemas/by_database/spider_data__boat_1.json,tasks/by_database/spider_data__boat_1.jsonl
spider_data__boat_1,boat_1,maritime_shipping_logistics,船运物流,task_000894,What is the name of every sailor whose name contains the letter e?,False,,schemas/by_database/spider_data__boat_1.json,tasks/by_database/spider_data__boat_1.jsonl
spider_data__boat_1,boat_1,maritime_shipping_logistics,船运物流,task_000895,return the unique ids of sailors who are older than any sailors.,False,,schemas/by_database/spider_data__boat_1.json,tasks/by_database/spider_data__boat_1.jsonl
spider_data__boat_1,boat_1,maritime_shipping_logistics,船运物流,task_000896,What is the different id of every sailor who is not the youngest?,False,,schemas/by_database/spider_data__boat_1.json,tasks/by_database/spider_data__boat_1.jsonl
spider_data__boat_1,boat_1,maritime_shipping_logistics,船运物流,task_000897,Return the unique names of sailors who are older than any sailors whose rating is larger than 7.,False,,schemas/by_database/spider_data__boat_1.json,tasks/by_database/spider_data__boat_1.jsonl
spider_data__boat_1,boat_1,maritime_shipping_logistics,船运物流,task_000898,What are the different names of sailors who are older than some other sailor with a rating larger than 7?,False,,schemas/by_database/spider_data__boat_1.json,tasks/by_database/spider_data__boat_1.jsonl
spider_data__boat_1,boat_1,maritime_shipping_logistics,船运物流,task_000899,Find the name and id of the sailors who reserved at least one boat?,False,,schemas/by_database/spider_data__boat_1.json,tasks/by_database/spider_data__boat_1.jsonl
spider_data__boat_1,boat_1,maritime_shipping_logistics,船运物流,task_000900,What is the name and id of every sailor who reserved one or more boats?,False,,schemas/by_database/spider_data__boat_1.json,tasks/by_database/spider_data__boat_1.jsonl
spider_data__boat_1,boat_1,maritime_shipping_logistics,船运物流,task_000901,Find the id and name of the sailors who reserved more than one boat.,False,,schemas/by_database/spider_data__boat_1.json,tasks/by_database/spider_data__boat_1.jsonl
spider_data__boat_1,boat_1,maritime_shipping_logistics,船运物流,task_000902,What are the different names of sailors who reserved two or more boats ?,False,,schemas/by_database/spider_data__boat_1.json,tasks/by_database/spider_data__boat_1.jsonl
spider_data__boat_1,boat_1,maritime_shipping_logistics,船运物流,task_000903,Find the id of Sailors (sid) that reserved red or blue boat.,False,,schemas/by_database/spider_data__boat_1.json,tasks/by_database/spider_data__boat_1.jsonl
spider_data__boat_1,boat_1,maritime_shipping_logistics,船运物流,task_000904,What are the sids for sailors who reserved red or blue boats?,False,,schemas/by_database/spider_data__boat_1.json,tasks/by_database/spider_data__boat_1.jsonl
spider_data__boat_1,boat_1,maritime_shipping_logistics,船运物流,task_000905,Find the name and id of Sailors (sid) that reserved red or blue boat.,False,,schemas/by_database/spider_data__boat_1.json,tasks/by_database/spider_data__boat_1.jsonl
spider_data__boat_1,boat_1,maritime_shipping_logistics,船运物流,task_000906,What are the names and ids of sailors who reserved red or blue boats?,False,,schemas/by_database/spider_data__boat_1.json,tasks/by_database/spider_data__boat_1.jsonl
spider_data__boat_1,boat_1,maritime_shipping_logistics,船运物流,task_000907,Find the id of Sailors (sid) that reserved red and blue boat.,False,,schemas/by_database/spider_data__boat_1.json,tasks/by_database/spider_data__boat_1.jsonl
spider_data__boat_1,boat_1,maritime_shipping_logistics,船运物流,task_000908,What are the ids of sailors who reserved red and blue boats?,False,,schemas/by_database/spider_data__boat_1.json,tasks/by_database/spider_data__boat_1.jsonl
spider_data__boat_1,boat_1,maritime_shipping_logistics,船运物流,task_000909,Find the name and id of Sailors (sid) that reserved red and blue boat.,False,,schemas/by_database/spider_data__boat_1.json,tasks/by_database/spider_data__boat_1.jsonl
spider_data__boat_1,boat_1,maritime_shipping_logistics,船运物流,task_000910,What are the names and ids of sailors who reserved red and blue boats?,False,,schemas/by_database/spider_data__boat_1.json,tasks/by_database/spider_data__boat_1.jsonl
spider_data__boat_1,boat_1,maritime_shipping_logistics,船运物流,task_000911,What is the ids of sailors that haven’t reserved a boat?,False,,schemas/by_database/spider_data__boat_1.json,tasks/by_database/spider_data__boat_1.jsonl
spider_data__boat_1,boat_1,maritime_shipping_logistics,船运物流,task_000912,What are the ids of sailors who have not reserved a boat?,False,,schemas/by_database/spider_data__boat_1.json,tasks/by_database/spider_data__boat_1.jsonl
spider_data__boat_1,boat_1,maritime_shipping_logistics,船运物流,task_000913,what is the name and id of sailors who do not have a reservation of a boat?,False,,schemas/by_database/spider_data__boat_1.json,tasks/by_database/spider_data__boat_1.jsonl
spider_data__boat_1,boat_1,maritime_shipping_logistics,船运物流,task_000914,What are the names and ids of all sailors who do not have boat reservations?,False,,schemas/by_database/spider_data__boat_1.json,tasks/by_database/spider_data__boat_1.jsonl
spider_data__boat_1,boat_1,maritime_shipping_logistics,船运物流,task_000915,Find id for the sailors who do not have a reservation of a boat?,False,,schemas/by_database/spider_data__boat_1.json,tasks/by_database/spider_data__boat_1.jsonl
spider_data__boat_1,boat_1,maritime_shipping_logistics,船运物流,task_000916,What is id about sailors who do not have boat reservations?,False,,schemas/by_database/spider_data__boat_1.json,tasks/by_database/spider_data__boat_1.jsonl
spider_data__boat_1,boat_1,maritime_shipping_logistics,船运物流,task_000917,What is the name of the sailors who reserved boat with id 103?,False,,schemas/by_database/spider_data__boat_1.json,tasks/by_database/spider_data__boat_1.jsonl
spider_data__boat_1,boat_1,maritime_shipping_logistics,船运物流,task_000918,Find the name of the sailors who reserved boat with id 103.,False,,schemas/by_database/spider_data__boat_1.json,tasks/by_database/spider_data__boat_1.jsonl
spider_data__boat_1,boat_1,maritime_shipping_logistics,船运物流,task_000919,What is the name of all sailors whose rating is higher than any sailor named Luis?,False,,schemas/by_database/spider_data__boat_1.json,tasks/by_database/spider_data__boat_1.jsonl
spider_data__boat_1,boat_1,maritime_shipping_logistics,船运物流,task_000920,"What are the sailors' names, the ones whose rating is higher than any sailor named Luis?",False,,schemas/by_database/spider_data__boat_1.json,tasks/by_database/spider_data__boat_1.jsonl
spider_data__boat_1,boat_1,maritime_shipping_logistics,船运物流,task_000921,What is the name of all sailors whose rating is higher than all sailors named Luis?,False,,schemas/by_database/spider_data__boat_1.json,tasks/by_database/spider_data__boat_1.jsonl
spider_data__boat_1,boat_1,maritime_shipping_logistics,船运物流,task_000922,What are the names of all sailors with a higher rating than every sailor named Luis?,False,,schemas/by_database/spider_data__boat_1.json,tasks/by_database/spider_data__boat_1.jsonl
spider_data__boat_1,boat_1,maritime_shipping_logistics,船运物流,task_000923,what is the name and id of every sailor who has a rating greater than 2 and reserved a boat.,False,,schemas/by_database/spider_data__boat_1.json,tasks/by_database/spider_data__boat_1.jsonl
spider_data__boat_1,boat_1,maritime_shipping_logistics,船运物流,task_000924,What are the names and ids of all sailors who have a rating of at least 3 and reserved a boat?,False,,schemas/by_database/spider_data__boat_1.json,tasks/by_database/spider_data__boat_1.jsonl
spider_data__boat_1,boat_1,maritime_shipping_logistics,船运物流,task_000925,Find the name and age of the oldest sailor.,False,,schemas/by_database/spider_data__boat_1.json,tasks/by_database/spider_data__boat_1.jsonl
spider_data__boat_1,boat_1,maritime_shipping_logistics,船运物流,task_000926,What is the name and age of the sailor with maximum age?,False,,schemas/by_database/spider_data__boat_1.json,tasks/by_database/spider_data__boat_1.jsonl
spider_data__boat_1,boat_1,maritime_shipping_logistics,船运物流,task_000927,how many sailors in total?,False,,schemas/by_database/spider_data__boat_1.json,tasks/by_database/spider_data__boat_1.jsonl
spider_data__boat_1,boat_1,maritime_shipping_logistics,船运物流,task_000928,How many sailors exist?,False,,schemas/by_database/spider_data__boat_1.json,tasks/by_database/spider_data__boat_1.jsonl
spider_data__boat_1,boat_1,maritime_shipping_logistics,船运物流,task_000929,What is the average age of sailors whose rating is 7?,False,,schemas/by_database/spider_data__boat_1.json,tasks/by_database/spider_data__boat_1.jsonl
spider_data__boat_1,boat_1,maritime_shipping_logistics,船运物流,task_000930,What is average age of all sailors who have a rating of 7?,False,,schemas/by_database/spider_data__boat_1.json,tasks/by_database/spider_data__boat_1.jsonl
spider_data__boat_1,boat_1,maritime_shipping_logistics,船运物流,task_000931,How many sailors whose name starts with letter D exist ?,False,,schemas/by_database/spider_data__boat_1.json,tasks/by_database/spider_data__boat_1.jsonl
spider_data__boat_1,boat_1,maritime_shipping_logistics,船运物流,task_000932,What is the count of the sailors whose name starts with letter D ?,False,,schemas/by_database/spider_data__boat_1.json,tasks/by_database/spider_data__boat_1.jsonl
spider_data__boat_1,boat_1,maritime_shipping_logistics,船运物流,task_000933,What are the average rating and max age of all sailors?,False,,schemas/by_database/spider_data__boat_1.json,tasks/by_database/spider_data__boat_1.jsonl
spider_data__boat_1,boat_1,maritime_shipping_logistics,船运物流,task_000934,Find the average rating and largest age for the sailors,False,,schemas/by_database/spider_data__boat_1.json,tasks/by_database/spider_data__boat_1.jsonl
spider_data__boat_1,boat_1,maritime_shipping_logistics,船运物流,task_000935,Find the number of reservations for each boat.,False,,schemas/by_database/spider_data__boat_1.json,tasks/by_database/spider_data__boat_1.jsonl
spider_data__boat_1,boat_1,maritime_shipping_logistics,船运物流,task_000936,How many reservations exist for each boat?,True,sql,schemas/by_database/spider_data__boat_1.json,tasks/by_database/spider_data__boat_1.jsonl
spider_data__boat_1,boat_1,maritime_shipping_logistics,船运物流,task_000937,Find the number of reservations for each boat with id greater than 50.,True,sql,schemas/by_database/spider_data__boat_1.json,tasks/by_database/spider_data__boat_1.jsonl
spider_data__boat_1,boat_1,maritime_shipping_logistics,船运物流,task_000938,How many reservations exist for each boat with an id greater than 50?,True,sql,schemas/by_database/spider_data__boat_1.json,tasks/by_database/spider_data__boat_1.jsonl
spider_data__boat_1,boat_1,maritime_shipping_logistics,船运物流,task_000939,Find the number of reservations for each boat with more than 1 reservation.,False,,schemas/by_database/spider_data__boat_1.json,tasks/by_database/spider_data__boat_1.jsonl
spider_data__boat_1,boat_1,maritime_shipping_logistics,船运物流,task_000940,How many reservations exist for each boat that has more than 1 reservation already?,False,,schemas/by_database/spider_data__boat_1.json,tasks/by_database/spider_data__boat_1.jsonl
spider_data__boat_1,boat_1,maritime_shipping_logistics,船运物流,task_000941,Find the number of reservations by sailors with id greater than 1 for each boat.,True,sql,schemas/by_database/spider_data__boat_1.json,tasks/by_database/spider_data__boat_1.jsonl
spider_data__boat_1,boat_1,maritime_shipping_logistics,船运物流,task_000942,How many reservations for each boat did the sailors with an id greater than 1 make?,False,,schemas/by_database/spider_data__boat_1.json,tasks/by_database/spider_data__boat_1.jsonl
spider_data__boat_1,boat_1,maritime_shipping_logistics,船运物流,task_000943,What is the rating and average age for sailors who have reserved red boat grouped by rating?,False,,schemas/by_database/spider_data__boat_1.json,tasks/by_database/spider_data__boat_1.jsonl
spider_data__boat_1,boat_1,maritime_shipping_logistics,船运物流,task_000944,What are the rating and average age for sailors who reserved red boats for each rating?,False,,schemas/by_database/spider_data__boat_1.json,tasks/by_database/spider_data__boat_1.jsonl
spider_data__boat_1,boat_1,maritime_shipping_logistics,船运物流,task_000945,"Find the name, rating and age of all sailors ordered by rating and age.",False,,schemas/by_database/spider_data__boat_1.json,tasks/by_database/spider_data__boat_1.jsonl
spider_data__boat_1,boat_1,maritime_shipping_logistics,船运物流,task_000946,"What is the name, rating, and age for every sailor? And order them by rating and age.",False,,schemas/by_database/spider_data__boat_1.json,tasks/by_database/spider_data__boat_1.jsonl
spider_data__boat_1,boat_1,maritime_shipping_logistics,船运物流,task_000947,Find the total number of boats.,False,,schemas/by_database/spider_data__boat_1.json,tasks/by_database/spider_data__boat_1.jsonl
spider_data__boat_1,boat_1,maritime_shipping_logistics,船运物流,task_000948,How many boats are there?,False,,schemas/by_database/spider_data__boat_1.json,tasks/by_database/spider_data__boat_1.jsonl
spider_data__boat_1,boat_1,maritime_shipping_logistics,船运物流,task_000949,How many boats are red?,False,,schemas/by_database/spider_data__boat_1.json,tasks/by_database/spider_data__boat_1.jsonl
spider_data__boat_1,boat_1,maritime_shipping_logistics,船运物流,task_000950,How many red boats exist?,False,,schemas/by_database/spider_data__boat_1.json,tasks/by_database/spider_data__boat_1.jsonl
spider_data__boat_1,boat_1,maritime_shipping_logistics,船运物流,task_000951,Find the names of boats booked by sailors whose age is between 20 and 30.,False,,schemas/by_database/spider_data__boat_1.json,tasks/by_database/spider_data__boat_1.jsonl
spider_data__boat_1,boat_1,maritime_shipping_logistics,船运物流,task_000952,What are the names of the boats booked by people between age 20 and 30?,False,,schemas/by_database/spider_data__boat_1.json,tasks/by_database/spider_data__boat_1.jsonl
spider_data__boat_1,boat_1,maritime_shipping_logistics,船运物流,task_000953,Find the names of sailors whose rating is larger than the rating of all sailors who booked a red boat.,False,,schemas/by_database/spider_data__boat_1.json,tasks/by_database/spider_data__boat_1.jsonl
spider_data__boat_1,boat_1,maritime_shipping_logistics,船运物流,task_000954,What are the names of the sailors whose rating is larger than the rating of all sailors who booked a red boat?,False,,schemas/by_database/spider_data__boat_1.json,tasks/by_database/spider_data__boat_1.jsonl
spider_data__boat_1,boat_1,maritime_shipping_logistics,船运物流,task_000955,What is highest rating between sailors?,False,,schemas/by_database/spider_data__boat_1.json,tasks/by_database/spider_data__boat_1.jsonl
spider_data__boat_1,boat_1,maritime_shipping_logistics,船运物流,task_000956,What is the maximum rating for sailors?,False,,schemas/by_database/spider_data__boat_1.json,tasks/by_database/spider_data__boat_1.jsonl
spider_data__boat_1,boat_1,maritime_shipping_logistics,船运物流,task_000957,Find the names of sailors who reserved boat with the name Melon.,False,,schemas/by_database/spider_data__boat_1.json,tasks/by_database/spider_data__boat_1.jsonl
spider_data__boat_1,boat_1,maritime_shipping_logistics,船运物流,task_000958,What are the names of sailors who reserved a boat with the name Melon?,False,,schemas/by_database/spider_data__boat_1.json,tasks/by_database/spider_data__boat_1.jsonl
spider_data__boat_1,boat_1,maritime_shipping_logistics,船运物流,task_000959,List the names and ages of all sailors sorted by rating in descending order.,False,,schemas/by_database/spider_data__boat_1.json,tasks/by_database/spider_data__boat_1.jsonl
spider_data__boat_1,boat_1,maritime_shipping_logistics,船运物流,task_000960,What are the names and ages of all sailors sorted by decreasing rating?,False,,schemas/by_database/spider_data__boat_1.json,tasks/by_database/spider_data__boat_1.jsonl
spider_data__pilot_1,pilot_1,aviation_airport,机场航空,task_000961,What is the name of the oldest pilot?,False,,schemas/by_database/spider_data__pilot_1.json,tasks/by_database/spider_data__pilot_1.jsonl
spider_data__pilot_1,pilot_1,aviation_airport,机场航空,task_000962,Return the name of the oldest pilot.,False,,schemas/by_database/spider_data__pilot_1.json,tasks/by_database/spider_data__pilot_1.jsonl
spider_data__pilot_1,pilot_1,aviation_airport,机场航空,task_000963,"What are the names of pilots whose age is below the average age, ordered by age?",False,,schemas/by_database/spider_data__pilot_1.json,tasks/by_database/spider_data__pilot_1.jsonl
spider_data__pilot_1,pilot_1,aviation_airport,机场航空,task_000964,"Return the names of pilots who are younger than average, ordered by age ascending.",False,,schemas/by_database/spider_data__pilot_1.json,tasks/by_database/spider_data__pilot_1.jsonl
spider_data__pilot_1,pilot_1,aviation_airport,机场航空,task_000965,Find all information of on pilots whose age is less than 30.,False,,schemas/by_database/spider_data__pilot_1.json,tasks/by_database/spider_data__pilot_1.jsonl
spider_data__pilot_1,pilot_1,aviation_airport,机场航空,task_000966,What is all the information about pilots who are younger than 30 ?,False,,schemas/by_database/spider_data__pilot_1.json,tasks/by_database/spider_data__pilot_1.jsonl
spider_data__pilot_1,pilot_1,aviation_airport,机场航空,task_000967,Find the names of all pilots who have a plane named Piper Cub and is under 35.,False,,schemas/by_database/spider_data__pilot_1.json,tasks/by_database/spider_data__pilot_1.jsonl
spider_data__pilot_1,pilot_1,aviation_airport,机场航空,task_000968,What are the names of pilots who are younger than 35 and have a plane named Piper Cub?,False,,schemas/by_database/spider_data__pilot_1.json,tasks/by_database/spider_data__pilot_1.jsonl
spider_data__pilot_1,pilot_1,aviation_airport,机场航空,task_000969,Where is the plane F-14 Fighter located?,False,,schemas/by_database/spider_data__pilot_1.json,tasks/by_database/spider_data__pilot_1.jsonl
spider_data__pilot_1,pilot_1,aviation_airport,机场航空,task_000970,Return the location of the hangar in which F-14 Fighter is located.,False,,schemas/by_database/spider_data__pilot_1.json,tasks/by_database/spider_data__pilot_1.jsonl
spider_data__pilot_1,pilot_1,aviation_airport,机场航空,task_000971,How many different places have some plane?,False,,schemas/by_database/spider_data__pilot_1.json,tasks/by_database/spider_data__pilot_1.jsonl
spider_data__pilot_1,pilot_1,aviation_airport,机场航空,task_000972,Count the number of different locations of hangars.,False,,schemas/by_database/spider_data__pilot_1.json,tasks/by_database/spider_data__pilot_1.jsonl
spider_data__pilot_1,pilot_1,aviation_airport,机场航空,task_000973,Which plane does the pilot Jones with age 32 has?,False,,schemas/by_database/spider_data__pilot_1.json,tasks/by_database/spider_data__pilot_1.jsonl
spider_data__pilot_1,pilot_1,aviation_airport,机场航空,task_000974,What are the names of planes that the pilot Jones who is 32 has?,False,,schemas/by_database/spider_data__pilot_1.json,tasks/by_database/spider_data__pilot_1.jsonl
spider_data__pilot_1,pilot_1,aviation_airport,机场航空,task_000975,How many pilots who are older than 40?,False,,schemas/by_database/spider_data__pilot_1.json,tasks/by_database/spider_data__pilot_1.jsonl
spider_data__pilot_1,pilot_1,aviation_airport,机场航空,task_000976,Count the number of pilots with age greater than 40.,False,,schemas/by_database/spider_data__pilot_1.json,tasks/by_database/spider_data__pilot_1.jsonl
spider_data__pilot_1,pilot_1,aviation_airport,机场航空,task_000977,How many plane B-52 Bomber owned by the pilot who is under 35?,False,,schemas/by_database/spider_data__pilot_1.json,tasks/by_database/spider_data__pilot_1.jsonl
spider_data__pilot_1,pilot_1,aviation_airport,机场航空,task_000978,Count the number of B-52 Bombers owned by pilots under 35.,False,,schemas/by_database/spider_data__pilot_1.json,tasks/by_database/spider_data__pilot_1.jsonl
spider_data__pilot_1,pilot_1,aviation_airport,机场航空,task_000979,Who is the youngest pilot to fly the plane Piper Cub?,False,,schemas/by_database/spider_data__pilot_1.json,tasks/by_database/spider_data__pilot_1.jsonl
spider_data__pilot_1,pilot_1,aviation_airport,机场航空,task_000980,Return the name of the youngest pilot to fly Piper Cub.,False,,schemas/by_database/spider_data__pilot_1.json,tasks/by_database/spider_data__pilot_1.jsonl
spider_data__pilot_1,pilot_1,aviation_airport,机场航空,task_000981,What is the name of the most popular plane?,False,,schemas/by_database/spider_data__pilot_1.json,tasks/by_database/spider_data__pilot_1.jsonl
spider_data__pilot_1,pilot_1,aviation_airport,机场航空,task_000982,What is the name of the plane that is flown the most often?,False,,schemas/by_database/spider_data__pilot_1.json,tasks/by_database/spider_data__pilot_1.jsonl
spider_data__pilot_1,pilot_1,aviation_airport,机场航空,task_000983,What is the name of the least popular plane?,True,sql,schemas/by_database/spider_data__pilot_1.json,tasks/by_database/spider_data__pilot_1.jsonl
spider_data__pilot_1,pilot_1,aviation_airport,机场航空,task_000984,What is the name of the plane that is flown the least often?,True,sql,schemas/by_database/spider_data__pilot_1.json,tasks/by_database/spider_data__pilot_1.jsonl
spider_data__pilot_1,pilot_1,aviation_airport,机场航空,task_000985,How many pilots whose planes are in Chicago?,False,,schemas/by_database/spider_data__pilot_1.json,tasks/by_database/spider_data__pilot_1.jsonl
spider_data__pilot_1,pilot_1,aviation_airport,机场航空,task_000986,Count the number of pilots who have planes in Chicago.,False,,schemas/by_database/spider_data__pilot_1.json,tasks/by_database/spider_data__pilot_1.jsonl
spider_data__pilot_1,pilot_1,aviation_airport,机场航空,task_000987,What are the planes owned by pilot Smith with age 41?,False,,schemas/by_database/spider_data__pilot_1.json,tasks/by_database/spider_data__pilot_1.jsonl
spider_data__pilot_1,pilot_1,aviation_airport,机场航空,task_000988,Return the names of planes owned by the pilot whose name is Smith and is 41 years old.,False,,schemas/by_database/spider_data__pilot_1.json,tasks/by_database/spider_data__pilot_1.jsonl
spider_data__pilot_1,pilot_1,aviation_airport,机场航空,task_000989,How many distinct planes are owned across all pilots?,False,,schemas/by_database/spider_data__pilot_1.json,tasks/by_database/spider_data__pilot_1.jsonl
spider_data__pilot_1,pilot_1,aviation_airport,机场航空,task_000990,Count the number of different plane names across all pilots.,False,,schemas/by_database/spider_data__pilot_1.json,tasks/by_database/spider_data__pilot_1.jsonl
spider_data__pilot_1,pilot_1,aviation_airport,机场航空,task_000991,How many planes are owned by the pilot whose name is Smith?,False,,schemas/by_database/spider_data__pilot_1.json,tasks/by_database/spider_data__pilot_1.jsonl
spider_data__pilot_1,pilot_1,aviation_airport,机场航空,task_000992,Count the number of planes Smith owns.,False,,schemas/by_database/spider_data__pilot_1.json,tasks/by_database/spider_data__pilot_1.jsonl
spider_data__pilot_1,pilot_1,aviation_airport,机场航空,task_000993,How many planes are controlled by the pilots whose age is older than 40?,False,,schemas/by_database/spider_data__pilot_1.json,tasks/by_database/spider_data__pilot_1.jsonl
spider_data__pilot_1,pilot_1,aviation_airport,机场航空,task_000994,Count the number of planes flown by pilots older than 40.,False,,schemas/by_database/spider_data__pilot_1.json,tasks/by_database/spider_data__pilot_1.jsonl
spider_data__pilot_1,pilot_1,aviation_airport,机场航空,task_000995,Find the names of all pilots with age between 30 and 40 sorted by their ages in ascending order.,False,,schemas/by_database/spider_data__pilot_1.json,tasks/by_database/spider_data__pilot_1.jsonl
spider_data__pilot_1,pilot_1,aviation_airport,机场航空,task_000996,"What are the names of pilots between the ages of 30 and 40, ordered by age ascending?",False,,schemas/by_database/spider_data__pilot_1.json,tasks/by_database/spider_data__pilot_1.jsonl
spider_data__pilot_1,pilot_1,aviation_airport,机场航空,task_000997,List all pilot names sorted by their ages in the descending order.,False,,schemas/by_database/spider_data__pilot_1.json,tasks/by_database/spider_data__pilot_1.jsonl
spider_data__pilot_1,pilot_1,aviation_airport,机场航空,task_000998,"What are the names of pilots, ordered by age descending?",False,,schemas/by_database/spider_data__pilot_1.json,tasks/by_database/spider_data__pilot_1.jsonl
spider_data__pilot_1,pilot_1,aviation_airport,机场航空,task_000999,Find all locations of planes sorted by the plane name.,False,,schemas/by_database/spider_data__pilot_1.json,tasks/by_database/spider_data__pilot_1.jsonl
spider_data__pilot_1,pilot_1,aviation_airport,机场航空,task_001000,"What are the locations of the different planes, ordered by plane name?",False,,schemas/by_database/spider_data__pilot_1.json,tasks/by_database/spider_data__pilot_1.jsonl
spider_data__pilot_1,pilot_1,aviation_airport,机场航空,task_001001,List all distinct types of planes owned by all pilots in alphabetic order?,False,,schemas/by_database/spider_data__pilot_1.json,tasks/by_database/spider_data__pilot_1.jsonl
spider_data__pilot_1,pilot_1,aviation_airport,机场航空,task_001002,"What are the different plane names, ordered alphabetically?",False,,schemas/by_database/spider_data__pilot_1.json,tasks/by_database/spider_data__pilot_1.jsonl
spider_data__pilot_1,pilot_1,aviation_airport,机场航空,task_001003,How many pilots who are older than 40 or younger than 30?,True,sql,schemas/by_database/spider_data__pilot_1.json,tasks/by_database/spider_data__pilot_1.jsonl
spider_data__pilot_1,pilot_1,aviation_airport,机场航空,task_001004,Count the number of pilots with age greater than 40 or less than 30.,True,sql,schemas/by_database/spider_data__pilot_1.json,tasks/by_database/spider_data__pilot_1.jsonl
spider_data__pilot_1,pilot_1,aviation_airport,机场航空,task_001005,"What are the names and ages of pilots who own plane Piper Cub and are older than 35, or have F-14 Fighter and are younger than 30?",False,,schemas/by_database/spider_data__pilot_1.json,tasks/by_database/spider_data__pilot_1.jsonl
spider_data__pilot_1,pilot_1,aviation_airport,机场航空,task_001006,"Return the names and ages of pilors who have flown Piper Cub and are older than 35, or have flown the F-14 Fighter and are younger than 30.",False,,schemas/by_database/spider_data__pilot_1.json,tasks/by_database/spider_data__pilot_1.jsonl
spider_data__pilot_1,pilot_1,aviation_airport,机场航空,task_001007,Find pilots who own plane Piper Cub but not B-52 Bomber.,False,,schemas/by_database/spider_data__pilot_1.json,tasks/by_database/spider_data__pilot_1.jsonl
spider_data__pilot_1,pilot_1,aviation_airport,机场航空,task_001008,What are the names of pilots who have flown Piper Cub but not the B-52 Bomber?,False,,schemas/by_database/spider_data__pilot_1.json,tasks/by_database/spider_data__pilot_1.jsonl
spider_data__pilot_1,pilot_1,aviation_airport,机场航空,task_001009,Find pilots who own planes Piper Cub and B-52 Bomber.,False,,schemas/by_database/spider_data__pilot_1.json,tasks/by_database/spider_data__pilot_1.jsonl
spider_data__pilot_1,pilot_1,aviation_airport,机场航空,task_001010,What are the names of pilots who own both Piper Cub and the B-52 Bomber?,False,,schemas/by_database/spider_data__pilot_1.json,tasks/by_database/spider_data__pilot_1.jsonl
spider_data__pilot_1,pilot_1,aviation_airport,机场航空,task_001011,What are the average and smallest ages of all pilots?,False,,schemas/by_database/spider_data__pilot_1.json,tasks/by_database/spider_data__pilot_1.jsonl
spider_data__pilot_1,pilot_1,aviation_airport,机场航空,task_001012,Return the average and minimum ages across all pilots.,False,,schemas/by_database/spider_data__pilot_1.json,tasks/by_database/spider_data__pilot_1.jsonl
spider_data__pilot_1,pilot_1,aviation_airport,机场航空,task_001013,What are the names of pilots who have planes in both Austin and Boston?,False,,schemas/by_database/spider_data__pilot_1.json,tasks/by_database/spider_data__pilot_1.jsonl
spider_data__pilot_1,pilot_1,aviation_airport,机场航空,task_001014,Give the names of pilots who have planes in Austin and Boston.,False,,schemas/by_database/spider_data__pilot_1.json,tasks/by_database/spider_data__pilot_1.jsonl
spider_data__pilot_1,pilot_1,aviation_airport,机场航空,task_001015,Find the pilots who have either plane Piper Cub or plane F-14 Fighter.,False,,schemas/by_database/spider_data__pilot_1.json,tasks/by_database/spider_data__pilot_1.jsonl
spider_data__pilot_1,pilot_1,aviation_airport,机场航空,task_001016,What are the names of pilots who have either the Piper Cub or the F-14 Fighter?,False,,schemas/by_database/spider_data__pilot_1.json,tasks/by_database/spider_data__pilot_1.jsonl
spider_data__pilot_1,pilot_1,aviation_airport,机场航空,task_001017,What is the average age of pilots for different types of planes?,False,,schemas/by_database/spider_data__pilot_1.json,tasks/by_database/spider_data__pilot_1.jsonl
spider_data__pilot_1,pilot_1,aviation_airport,机场航空,task_001018,Return the average age of pilots for each plane name.,False,,schemas/by_database/spider_data__pilot_1.json,tasks/by_database/spider_data__pilot_1.jsonl
spider_data__pilot_1,pilot_1,aviation_airport,机场航空,task_001019,Find the number of planes for each type.,True,sql,schemas/by_database/spider_data__pilot_1.json,tasks/by_database/spider_data__pilot_1.jsonl
spider_data__pilot_1,pilot_1,aviation_airport,机场航空,task_001020,Count the number of entries for each plane name.,False,,schemas/by_database/spider_data__pilot_1.json,tasks/by_database/spider_data__pilot_1.jsonl
spider_data__pilot_1,pilot_1,aviation_airport,机场航空,task_001021,"Find the name of the oldest pilot for each type of plane, and order the results by plane name.",True,sql,schemas/by_database/spider_data__pilot_1.json,tasks/by_database/spider_data__pilot_1.jsonl
spider_data__pilot_1,pilot_1,aviation_airport,机场航空,task_001022,"What are the different plane names, and what are the names of the oldest pilot who has each, ordered by plane name?",True,sql,schemas/by_database/spider_data__pilot_1.json,tasks/by_database/spider_data__pilot_1.jsonl
spider_data__pilot_1,pilot_1,aviation_airport,机场航空,task_001023,What are the names of oldest pilots for each type of plane?,True,sql,schemas/by_database/spider_data__pilot_1.json,tasks/by_database/spider_data__pilot_1.jsonl
spider_data__pilot_1,pilot_1,aviation_airport,机场航空,task_001024,"Return the names of the different planes, as well as the names of the oldest pilots who flew each.",True,sql,schemas/by_database/spider_data__pilot_1.json,tasks/by_database/spider_data__pilot_1.jsonl
spider_data__pilot_1,pilot_1,aviation_airport,机场航空,task_001025,Find the max age for each group of pilots with the same name.,False,,schemas/by_database/spider_data__pilot_1.json,tasks/by_database/spider_data__pilot_1.jsonl
spider_data__pilot_1,pilot_1,aviation_airport,机场航空,task_001026,"What are the different pilot names, and what are the maximum ages of pilots for each?",False,,schemas/by_database/spider_data__pilot_1.json,tasks/by_database/spider_data__pilot_1.jsonl
spider_data__pilot_1,pilot_1,aviation_airport,机场航空,task_001027,"For each city, find the number and average age of pilots who have a plane.",False,,schemas/by_database/spider_data__pilot_1.json,tasks/by_database/spider_data__pilot_1.jsonl
spider_data__pilot_1,pilot_1,aviation_airport,机场航空,task_001028,"What are the different hangar locations and how many pilots correspond to each. Also, what are their average ages?",False,,schemas/by_database/spider_data__pilot_1.json,tasks/by_database/spider_data__pilot_1.jsonl
spider_data__pilot_1,pilot_1,aviation_airport,机场航空,task_001029,Find the number of pilots for the plane types with average pilot age below 35.,False,,schemas/by_database/spider_data__pilot_1.json,tasks/by_database/spider_data__pilot_1.jsonl
spider_data__pilot_1,pilot_1,aviation_airport,机场航空,task_001030,"What are the different plane names of planes with an average pilot age of below 35, and how many pilots have flown each of them?",False,,schemas/by_database/spider_data__pilot_1.json,tasks/by_database/spider_data__pilot_1.jsonl
spider_data__pilot_1,pilot_1,aviation_airport,机场航空,task_001031,Find the location of the plane that is owned by the youngest pilot.,False,,schemas/by_database/spider_data__pilot_1.json,tasks/by_database/spider_data__pilot_1.jsonl
spider_data__pilot_1,pilot_1,aviation_airport,机场航空,task_001032,What is the location of the plane that was flown by the pilot with the lowest age?,False,,schemas/by_database/spider_data__pilot_1.json,tasks/by_database/spider_data__pilot_1.jsonl
spider_data__pilot_1,pilot_1,aviation_airport,机场航空,task_001033,Find the name and age of pilots who have a plane in Austin.,False,,schemas/by_database/spider_data__pilot_1.json,tasks/by_database/spider_data__pilot_1.jsonl
spider_data__pilot_1,pilot_1,aviation_airport,机场航空,task_001034,What are the names and ages of pilots who have planes located in Austin?,False,,schemas/by_database/spider_data__pilot_1.json,tasks/by_database/spider_data__pilot_1.jsonl
spider_data__pilot_1,pilot_1,aviation_airport,机场航空,task_001035,List in alphabetic order the names of pilots whose age is greater than some pilots having plane Piper Cub.,False,,schemas/by_database/spider_data__pilot_1.json,tasks/by_database/spider_data__pilot_1.jsonl
spider_data__pilot_1,pilot_1,aviation_airport,机场航空,task_001036,"Return the names of pilots who are older than any pilot who has flown Piper Cub, ordered alphabetically.",False,,schemas/by_database/spider_data__pilot_1.json,tasks/by_database/spider_data__pilot_1.jsonl
spider_data__pilot_1,pilot_1,aviation_airport,机场航空,task_001037,Find the number of pilots whose age is younger than all pilots whose plane is F-14 Fighter.,False,,schemas/by_database/spider_data__pilot_1.json,tasks/by_database/spider_data__pilot_1.jsonl
spider_data__pilot_1,pilot_1,aviation_airport,机场航空,task_001038,How many pilots are younger than all pilots who own the F-14 Fighter?,False,,schemas/by_database/spider_data__pilot_1.json,tasks/by_database/spider_data__pilot_1.jsonl
spider_data__pilot_1,pilot_1,aviation_airport,机场航空,task_001039,Find all different planes whose names contain substring 'Bomber'.,False,,schemas/by_database/spider_data__pilot_1.json,tasks/by_database/spider_data__pilot_1.jsonl
spider_data__pilot_1,pilot_1,aviation_airport,机场航空,task_001040,What are the different plane names that contain the word Bomber?,False,,schemas/by_database/spider_data__pilot_1.json,tasks/by_database/spider_data__pilot_1.jsonl
spider_data__pilot_1,pilot_1,aviation_airport,机场航空,task_001041,Find the number of all pilots whose age is older than some pilot who has plane Piper Cub.,False,,schemas/by_database/spider_data__pilot_1.json,tasks/by_database/spider_data__pilot_1.jsonl
spider_data__pilot_1,pilot_1,aviation_airport,机场航空,task_001042,How many pilots are older than the youngest pilot who has Piper Cub?,False,,schemas/by_database/spider_data__pilot_1.json,tasks/by_database/spider_data__pilot_1.jsonl
spider_data__car_road_race,car_road_race,racing_competition,赛车竞赛,task_001043,How many races are there?,False,,schemas/by_database/spider_data__car_road_race.json,tasks/by_database/spider_data__car_road_race.jsonl
spider_data__car_road_race,car_road_race,racing_competition,赛车竞赛,task_001044,Count the number of races.,False,,schemas/by_database/spider_data__car_road_race.json,tasks/by_database/spider_data__car_road_race.jsonl
spider_data__car_road_race,car_road_race,racing_competition,赛车竞赛,task_001045,List the winning drivers and winning teams of races in ascending alphabetical order of winning team.,False,,schemas/by_database/spider_data__car_road_race.json,tasks/by_database/spider_data__car_road_race.jsonl
spider_data__car_road_race,car_road_race,racing_competition,赛车竞赛,task_001046,"What are the winning drivers and teams of races, ordered alphabetically by team?",False,,schemas/by_database/spider_data__car_road_race.json,tasks/by_database/spider_data__car_road_race.jsonl
spider_data__car_road_race,car_road_race,racing_competition,赛车竞赛,task_001047,"Which winning drivers of races had pole position that is not ""Junior Strous""?",False,,schemas/by_database/spider_data__car_road_race.json,tasks/by_database/spider_data__car_road_race.jsonl
spider_data__car_road_race,car_road_race,racing_competition,赛车竞赛,task_001048,Return the winning drivers of races who did not have the pole position of Junior Strous.,False,,schemas/by_database/spider_data__car_road_race.json,tasks/by_database/spider_data__car_road_race.jsonl
spider_data__car_road_race,car_road_race,racing_competition,赛车竞赛,task_001049,Who are the constructors of drivers sorted by drivers' age in ascending order?,False,,schemas/by_database/spider_data__car_road_race.json,tasks/by_database/spider_data__car_road_race.jsonl
spider_data__car_road_race,car_road_race,racing_competition,赛车竞赛,task_001050,"Return the different constructors of drivers, ordered by age ascending.",False,,schemas/by_database/spider_data__car_road_race.json,tasks/by_database/spider_data__car_road_race.jsonl
spider_data__car_road_race,car_road_race,racing_competition,赛车竞赛,task_001051,What are the distinct entrant types of drivers aged 20 or older?,False,,schemas/by_database/spider_data__car_road_race.json,tasks/by_database/spider_data__car_road_race.jsonl
spider_data__car_road_race,car_road_race,racing_competition,赛车竞赛,task_001052,Give the different entrant types for drivers at least 20 years old.,False,,schemas/by_database/spider_data__car_road_race.json,tasks/by_database/spider_data__car_road_race.jsonl
spider_data__car_road_race,car_road_race,racing_competition,赛车竞赛,task_001053,What are the maximum and minimum age of driver?,False,,schemas/by_database/spider_data__car_road_race.json,tasks/by_database/spider_data__car_road_race.jsonl
spider_data__car_road_race,car_road_race,racing_competition,赛车竞赛,task_001054,Return the maximum and minimum age across drivers.,False,,schemas/by_database/spider_data__car_road_race.json,tasks/by_database/spider_data__car_road_race.jsonl
spider_data__car_road_race,car_road_race,racing_competition,赛车竞赛,task_001055,How many different engines are used by drivers with age older than 30 or younger than 20?,False,,schemas/by_database/spider_data__car_road_race.json,tasks/by_database/spider_data__car_road_race.jsonl
spider_data__car_road_race,car_road_race,racing_competition,赛车竞赛,task_001056,Count the number of different engines used by drivers who had an age either over 30 or under 20.,False,,schemas/by_database/spider_data__car_road_race.json,tasks/by_database/spider_data__car_road_race.jsonl
spider_data__car_road_race,car_road_race,racing_competition,赛车竞赛,task_001057,List all names of drivers in descending alphabetical order.,False,,schemas/by_database/spider_data__car_road_race.json,tasks/by_database/spider_data__car_road_race.jsonl
spider_data__car_road_race,car_road_race,racing_competition,赛车竞赛,task_001058,"What are the names of drivers, ordered descending alphabetically?",False,,schemas/by_database/spider_data__car_road_race.json,tasks/by_database/spider_data__car_road_race.jsonl
spider_data__car_road_race,car_road_race,racing_competition,赛车竞赛,task_001059,Please show the names of drivers and the names of races they participate in.,False,,schemas/by_database/spider_data__car_road_race.json,tasks/by_database/spider_data__car_road_race.jsonl
spider_data__car_road_race,car_road_race,racing_competition,赛车竞赛,task_001060,What are the names of drivers and the names of the races they took part in?,False,,schemas/by_database/spider_data__car_road_race.json,tasks/by_database/spider_data__car_road_race.jsonl
spider_data__car_road_race,car_road_race,racing_competition,赛车竞赛,task_001061,Please show the names of drivers and the number of races they participate in.,True,sql,schemas/by_database/spider_data__car_road_race.json,tasks/by_database/spider_data__car_road_race.jsonl
spider_data__car_road_race,car_road_race,racing_competition,赛车竞赛,task_001062,How many races did each driver participate in?,False,,schemas/by_database/spider_data__car_road_race.json,tasks/by_database/spider_data__car_road_race.jsonl
spider_data__car_road_race,car_road_race,racing_competition,赛车竞赛,task_001063,Please show the age of the driver who participated in the most number of races.,False,,schemas/by_database/spider_data__car_road_race.json,tasks/by_database/spider_data__car_road_race.jsonl
spider_data__car_road_race,car_road_race,racing_competition,赛车竞赛,task_001064,What is the age of the driver who raced in the most races?,False,,schemas/by_database/spider_data__car_road_race.json,tasks/by_database/spider_data__car_road_race.jsonl
spider_data__car_road_race,car_road_race,racing_competition,赛车竞赛,task_001065,Please show the names and ages of the drivers who participated in at least two races.,False,,schemas/by_database/spider_data__car_road_race.json,tasks/by_database/spider_data__car_road_race.jsonl
spider_data__car_road_race,car_road_race,racing_competition,赛车竞赛,task_001066,What are the names and ages of drivers who raced in two or more races?,False,,schemas/by_database/spider_data__car_road_race.json,tasks/by_database/spider_data__car_road_race.jsonl
spider_data__car_road_race,car_road_race,racing_competition,赛车竞赛,task_001067,Please list the names of races with drivers aged 26 or older participating.,False,,schemas/by_database/spider_data__car_road_race.json,tasks/by_database/spider_data__car_road_race.jsonl
spider_data__car_road_race,car_road_race,racing_competition,赛车竞赛,task_001068,What are the names of races in which drivers 26 or older took part?,False,,schemas/by_database/spider_data__car_road_race.json,tasks/by_database/spider_data__car_road_race.jsonl
spider_data__car_road_race,car_road_race,racing_competition,赛车竞赛,task_001069,"List the names of drivers whose constructor is not ""Bugatti"".",False,,schemas/by_database/spider_data__car_road_race.json,tasks/by_database/spider_data__car_road_race.jsonl
spider_data__car_road_race,car_road_race,racing_competition,赛车竞赛,task_001070,What are the names od drivers who did not have the constructor Bugatti?,False,,schemas/by_database/spider_data__car_road_race.json,tasks/by_database/spider_data__car_road_race.jsonl
spider_data__car_road_race,car_road_race,racing_competition,赛车竞赛,task_001071,List different constructors and the number of drivers that use each constructor.,False,,schemas/by_database/spider_data__car_road_race.json,tasks/by_database/spider_data__car_road_race.jsonl
spider_data__car_road_race,car_road_race,racing_competition,赛车竞赛,task_001072,How many drivers use each constructor?,False,,schemas/by_database/spider_data__car_road_race.json,tasks/by_database/spider_data__car_road_race.jsonl
spider_data__car_road_race,car_road_race,racing_competition,赛车竞赛,task_001073,List the most common type of engine used by drivers.,False,,schemas/by_database/spider_data__car_road_race.json,tasks/by_database/spider_data__car_road_race.jsonl
spider_data__car_road_race,car_road_race,racing_competition,赛车竞赛,task_001074,What is the most common type of engine?,False,,schemas/by_database/spider_data__car_road_race.json,tasks/by_database/spider_data__car_road_race.jsonl
spider_data__car_road_race,car_road_race,racing_competition,赛车竞赛,task_001075,List the types of engines that are used by at least two drivers.,False,,schemas/by_database/spider_data__car_road_race.json,tasks/by_database/spider_data__car_road_race.jsonl
spider_data__car_road_race,car_road_race,racing_competition,赛车竞赛,task_001076,What are the engine types that are used by two or more drivers?,False,,schemas/by_database/spider_data__car_road_race.json,tasks/by_database/spider_data__car_road_race.jsonl
spider_data__car_road_race,car_road_race,racing_competition,赛车竞赛,task_001077,List the names of drivers that do not participate in any race.,False,,schemas/by_database/spider_data__car_road_race.json,tasks/by_database/spider_data__car_road_race.jsonl
spider_data__car_road_race,car_road_race,racing_competition,赛车竞赛,task_001078,What are names of drivers who did not take part in a race?,False,,schemas/by_database/spider_data__car_road_race.json,tasks/by_database/spider_data__car_road_race.jsonl
spider_data__car_road_race,car_road_race,racing_competition,赛车竞赛,task_001079,Show the constructors that are used both by drivers with age lower than 20 and drivers with age over than 30.,False,,schemas/by_database/spider_data__car_road_race.json,tasks/by_database/spider_data__car_road_race.jsonl
spider_data__car_road_race,car_road_race,racing_competition,赛车竞赛,task_001080,What are the constructors who are used by both drivers who are younger than 20 and drivers older than 30?,False,,schemas/by_database/spider_data__car_road_race.json,tasks/by_database/spider_data__car_road_race.jsonl
spider_data__car_road_race,car_road_race,racing_competition,赛车竞赛,task_001081,Find the teams that won more than once.,False,,schemas/by_database/spider_data__car_road_race.json,tasks/by_database/spider_data__car_road_race.jsonl
spider_data__car_road_race,car_road_race,racing_competition,赛车竞赛,task_001082,Which teams won more than 1 race?,False,,schemas/by_database/spider_data__car_road_race.json,tasks/by_database/spider_data__car_road_race.jsonl
spider_data__car_road_race,car_road_race,racing_competition,赛车竞赛,task_001083,"Find the names of drivers who were in both ""James Hinchcliffe"" and ""Carl Skerlong"" pole positions before.",False,,schemas/by_database/spider_data__car_road_race.json,tasks/by_database/spider_data__car_road_race.jsonl
spider_data__car_road_race,car_road_race,racing_competition,赛车竞赛,task_001084,What are the names of drivers who had both the pole position James Hinchcliffe and the pole position Carl Skerlong?,False,,schemas/by_database/spider_data__car_road_race.json,tasks/by_database/spider_data__car_road_race.jsonl
spider_data__car_road_race,car_road_race,racing_competition,赛车竞赛,task_001085,"find the name of drivers who were never in ""James Hinchcliffe"" pole position before.",False,,schemas/by_database/spider_data__car_road_race.json,tasks/by_database/spider_data__car_road_race.jsonl
spider_data__car_road_race,car_road_race,racing_competition,赛车竞赛,task_001086,What are the names of drivers except for those who had the pole position James Hinchcliffe?,False,,schemas/by_database/spider_data__car_road_race.json,tasks/by_database/spider_data__car_road_race.jsonl
spider_data__bike_racing,bike_racing,racing_competition,赛车竞赛,task_001087,How many bikes are heavier than 780 grams?,False,,schemas/by_database/spider_data__bike_racing.json,tasks/by_database/spider_data__bike_racing.jsonl
spider_data__bike_racing,bike_racing,racing_competition,赛车竞赛,task_001088,List the product names and weights of the bikes in ascending order of price.,False,,schemas/by_database/spider_data__bike_racing.json,tasks/by_database/spider_data__bike_racing.jsonl
spider_data__bike_racing,bike_racing,racing_competition,赛车竞赛,task_001089,"List the heat, name, and nation for all the cyclists.",False,,schemas/by_database/spider_data__bike_racing.json,tasks/by_database/spider_data__bike_racing.jsonl
spider_data__bike_racing,bike_racing,racing_competition,赛车竞赛,task_001090,What are the maximum and minimum weight of all bikes?,False,,schemas/by_database/spider_data__bike_racing.json,tasks/by_database/spider_data__bike_racing.jsonl
spider_data__bike_racing,bike_racing,racing_competition,赛车竞赛,task_001091,What is the average price of the bikes made of material 'Carbon CC'?,False,,schemas/by_database/spider_data__bike_racing.json,tasks/by_database/spider_data__bike_racing.jsonl
spider_data__bike_racing,bike_racing,racing_competition,赛车竞赛,task_001092,What are the name and result of the cyclists not from 'Russia' ?,False,,schemas/by_database/spider_data__bike_racing.json,tasks/by_database/spider_data__bike_racing.jsonl
spider_data__bike_racing,bike_racing,racing_competition,赛车竞赛,task_001093,What are the distinct ids and product names of the bikes that are purchased after year 2015?,False,,schemas/by_database/spider_data__bike_racing.json,tasks/by_database/spider_data__bike_racing.jsonl
spider_data__bike_racing,bike_racing,racing_competition,赛车竞赛,task_001094,What are the ids and names of racing bikes that are purchased by at least 4 cyclists?,False,,schemas/by_database/spider_data__bike_racing.json,tasks/by_database/spider_data__bike_racing.jsonl
spider_data__bike_racing,bike_racing,racing_competition,赛车竞赛,task_001095,What are the id and name of the cyclist who owns the most bikes?,False,,schemas/by_database/spider_data__bike_racing.json,tasks/by_database/spider_data__bike_racing.jsonl
spider_data__bike_racing,bike_racing,racing_competition,赛车竞赛,task_001096,What are the distinct product names of bikes owned by cyclists from 'Russia' or cyclists from 'Great Britain'?,False,,schemas/by_database/spider_data__bike_racing.json,tasks/by_database/spider_data__bike_racing.jsonl
spider_data__bike_racing,bike_racing,racing_competition,赛车竞赛,task_001097,How many different levels of heat are there for the cyclists?,False,,schemas/by_database/spider_data__bike_racing.json,tasks/by_database/spider_data__bike_racing.jsonl
spider_data__bike_racing,bike_racing,racing_competition,赛车竞赛,task_001098,How many cyclists did not purchase any bike after year 2015?,False,,schemas/by_database/spider_data__bike_racing.json,tasks/by_database/spider_data__bike_racing.jsonl
spider_data__bike_racing,bike_racing,racing_competition,赛车竞赛,task_001099,What are the names of distinct racing bikes that are purchased by the cyclists with better results than '4:21.558' ?,False,,schemas/by_database/spider_data__bike_racing.json,tasks/by_database/spider_data__bike_racing.jsonl
spider_data__bike_racing,bike_racing,racing_competition,赛车竞赛,task_001100,List the name and price of the bike that is owned by both the cyclists named 'Bradley Wiggins' and the cyclist named 'Antonio Tauler'.,False,,schemas/by_database/spider_data__bike_racing.json,tasks/by_database/spider_data__bike_racing.jsonl
spider_data__bike_racing,bike_racing,racing_competition,赛车竞赛,task_001101,"Show the name, nation and result for the cyclists who did not purchase any racing bike.",False,,schemas/by_database/spider_data__bike_racing.json,tasks/by_database/spider_data__bike_racing.jsonl
spider_data__bike_racing,bike_racing,racing_competition,赛车竞赛,task_001102,What are the names of the bikes that have substring 'fiber' in their material?,False,,schemas/by_database/spider_data__bike_racing.json,tasks/by_database/spider_data__bike_racing.jsonl
spider_data__bike_racing,bike_racing,racing_competition,赛车竞赛,task_001103,How many bikes does each cyclist own? Order by cyclist id.,True,sql,schemas/by_database/spider_data__bike_racing.json,tasks/by_database/spider_data__bike_racing.jsonl
spider_data__car_racing,car_racing,racing_competition,赛车竞赛,task_001104,How many drivers are there?,False,,schemas/by_database/spider_data__car_racing.json,tasks/by_database/spider_data__car_racing.jsonl
spider_data__car_racing,car_racing,racing_competition,赛车竞赛,task_001105,Find the total number of drivers.,False,,schemas/by_database/spider_data__car_racing.json,tasks/by_database/spider_data__car_racing.jsonl
spider_data__car_racing,car_racing,racing_competition,赛车竞赛,task_001106,Find the number of drivers whose points are greater than 150 for each make.,False,,schemas/by_database/spider_data__car_racing.json,tasks/by_database/spider_data__car_racing.jsonl
spider_data__car_racing,car_racing,racing_competition,赛车竞赛,task_001107,How many drivers receive points greater than 150 for each make? Show the make and the count.,False,,schemas/by_database/spider_data__car_racing.json,tasks/by_database/spider_data__car_racing.jsonl
spider_data__car_racing,car_racing,racing_competition,赛车竞赛,task_001108,Find the average age of drivers for each make.,False,,schemas/by_database/spider_data__car_racing.json,tasks/by_database/spider_data__car_racing.jsonl
spider_data__car_racing,car_racing,racing_competition,赛车竞赛,task_001109,What is the average age of drivers for each make? Return the average age and make.,False,,schemas/by_database/spider_data__car_racing.json,tasks/by_database/spider_data__car_racing.jsonl
spider_data__car_racing,car_racing,racing_competition,赛车竞赛,task_001110,What are the average laps of all the drivers who are younger than 20?,False,,schemas/by_database/spider_data__car_racing.json,tasks/by_database/spider_data__car_racing.jsonl
spider_data__car_racing,car_racing,racing_competition,赛车竞赛,task_001111,Compute the average laps of drivers under the age of 20.,False,,schemas/by_database/spider_data__car_racing.json,tasks/by_database/spider_data__car_racing.jsonl
spider_data__car_racing,car_racing,racing_competition,赛车竞赛,task_001112,What are the managers and sponsors of teams? Sort the results by Car Owners.,False,,schemas/by_database/spider_data__car_racing.json,tasks/by_database/spider_data__car_racing.jsonl
spider_data__car_racing,car_racing,racing_competition,赛车竞赛,task_001113,Find the manager and sponsor for each team and order them by the car owner.,False,,schemas/by_database/spider_data__car_racing.json,tasks/by_database/spider_data__car_racing.jsonl
spider_data__car_racing,car_racing,racing_competition,赛车竞赛,task_001114,Find the make that has more than one team.,True,sql,schemas/by_database/spider_data__car_racing.json,tasks/by_database/spider_data__car_racing.jsonl
spider_data__car_racing,car_racing,racing_competition,赛车竞赛,task_001115,Which make has more than one team?,True,sql,schemas/by_database/spider_data__car_racing.json,tasks/by_database/spider_data__car_racing.jsonl
spider_data__car_racing,car_racing,racing_competition,赛车竞赛,task_001116,"What are the makes of the teams with car owner ""Buddy Arrington""?",False,,schemas/by_database/spider_data__car_racing.json,tasks/by_database/spider_data__car_racing.jsonl
spider_data__car_racing,car_racing,racing_competition,赛车竞赛,task_001117,"Find the make of the team whose car owner is ""Buddy Arrington"".",False,,schemas/by_database/spider_data__car_racing.json,tasks/by_database/spider_data__car_racing.jsonl
spider_data__car_racing,car_racing,racing_competition,赛车竞赛,task_001118,What are the maximum and minimum points of drivers.,False,,schemas/by_database/spider_data__car_racing.json,tasks/by_database/spider_data__car_racing.jsonl
spider_data__car_racing,car_racing,racing_competition,赛车竞赛,task_001119,Find the highest and lowest points of drivers.,False,,schemas/by_database/spider_data__car_racing.json,tasks/by_database/spider_data__car_racing.jsonl
spider_data__car_racing,car_racing,racing_competition,赛车竞赛,task_001120,How many drivers have points smaller than 150?,False,,schemas/by_database/spider_data__car_racing.json,tasks/by_database/spider_data__car_racing.jsonl
spider_data__car_racing,car_racing,racing_competition,赛车竞赛,task_001121,Count the number of drivers whose points are below 150.,False,,schemas/by_database/spider_data__car_racing.json,tasks/by_database/spider_data__car_racing.jsonl
spider_data__car_racing,car_racing,racing_competition,赛车竞赛,task_001122,List all the driver names in ascending order of age.,False,,schemas/by_database/spider_data__car_racing.json,tasks/by_database/spider_data__car_racing.jsonl
spider_data__car_racing,car_racing,racing_competition,赛车竞赛,task_001123,Sort the driver names by age in ascending order.,False,,schemas/by_database/spider_data__car_racing.json,tasks/by_database/spider_data__car_racing.jsonl
spider_data__car_racing,car_racing,racing_competition,赛车竞赛,task_001124,List all the driver names in descending order of points.,False,,schemas/by_database/spider_data__car_racing.json,tasks/by_database/spider_data__car_racing.jsonl
spider_data__car_racing,car_racing,racing_competition,赛车竞赛,task_001125,What is the list of drivers ordered by points in descending order?,False,,schemas/by_database/spider_data__car_racing.json,tasks/by_database/spider_data__car_racing.jsonl
spider_data__car_racing,car_racing,racing_competition,赛车竞赛,task_001126,"Please show the names of drivers, and countries they are from.",False,,schemas/by_database/spider_data__car_racing.json,tasks/by_database/spider_data__car_racing.jsonl
spider_data__car_racing,car_racing,racing_competition,赛车竞赛,task_001127,"For each driver, return his or her name and country.",False,,schemas/by_database/spider_data__car_racing.json,tasks/by_database/spider_data__car_racing.jsonl
spider_data__car_racing,car_racing,racing_competition,赛车竞赛,task_001128,"Show the maximum points of the drivers from countries with capital ""Dublin""",False,,schemas/by_database/spider_data__car_racing.json,tasks/by_database/spider_data__car_racing.jsonl
spider_data__car_racing,car_racing,racing_competition,赛车竞赛,task_001129,"What is the maximum points of the drivers from a country whose capital is ""Dublin""?",False,,schemas/by_database/spider_data__car_racing.json,tasks/by_database/spider_data__car_racing.jsonl
spider_data__car_racing,car_racing,racing_competition,赛车竞赛,task_001130,"What is the average age of drivers from countries with official native language ""English""",False,,schemas/by_database/spider_data__car_racing.json,tasks/by_database/spider_data__car_racing.jsonl
spider_data__car_racing,car_racing,racing_competition,赛车竞赛,task_001131,"Find the average age of the drivers from the countries that use ""English"" as official native language.",False,,schemas/by_database/spider_data__car_racing.json,tasks/by_database/spider_data__car_racing.jsonl
spider_data__car_racing,car_racing,racing_competition,赛车竞赛,task_001132,What are the countries that have drivers with points larger than 150?,False,,schemas/by_database/spider_data__car_racing.json,tasks/by_database/spider_data__car_racing.jsonl
spider_data__car_racing,car_racing,racing_competition,赛车竞赛,task_001133,Find all the countries where some drivers have points above 150.,False,,schemas/by_database/spider_data__car_racing.json,tasks/by_database/spider_data__car_racing.jsonl
spider_data__car_racing,car_racing,racing_competition,赛车竞赛,task_001134,What is the capital of the country where the driver with the most points is from?,False,,schemas/by_database/spider_data__car_racing.json,tasks/by_database/spider_data__car_racing.jsonl
spider_data__car_racing,car_racing,racing_competition,赛车竞赛,task_001135,Which country is the driver with the highest points from? Give me the capital of the country.,False,,schemas/by_database/spider_data__car_racing.json,tasks/by_database/spider_data__car_racing.jsonl
spider_data__car_racing,car_racing,racing_competition,赛车竞赛,task_001136,List each make with the number of drivers with that make.,False,,schemas/by_database/spider_data__car_racing.json,tasks/by_database/spider_data__car_racing.jsonl
spider_data__car_racing,car_racing,racing_competition,赛车竞赛,task_001137,"For each make, return the make and the count of drivers with that make.",False,,schemas/by_database/spider_data__car_racing.json,tasks/by_database/spider_data__car_racing.jsonl
spider_data__car_racing,car_racing,racing_competition,赛车竞赛,task_001138,List the make that are associated with most drivers.,False,,schemas/by_database/spider_data__car_racing.json,tasks/by_database/spider_data__car_racing.jsonl
spider_data__car_racing,car_racing,racing_competition,赛车竞赛,task_001139,Which make does the most drivers have?,False,,schemas/by_database/spider_data__car_racing.json,tasks/by_database/spider_data__car_racing.jsonl
spider_data__car_racing,car_racing,racing_competition,赛车竞赛,task_001140,List the driver makes that are associated with at least three drivers.,False,,schemas/by_database/spider_data__car_racing.json,tasks/by_database/spider_data__car_racing.jsonl
spider_data__car_racing,car_racing,racing_competition,赛车竞赛,task_001141,Which make is associated with 3 or more drivers?,False,,schemas/by_database/spider_data__car_racing.json,tasks/by_database/spider_data__car_racing.jsonl
spider_data__car_racing,car_racing,racing_competition,赛车竞赛,task_001142,List the names of teams that do not have any drivers.,False,,schemas/by_database/spider_data__car_racing.json,tasks/by_database/spider_data__car_racing.jsonl
spider_data__car_racing,car_racing,racing_competition,赛车竞赛,task_001143,Which team does not have drivers?,False,,schemas/by_database/spider_data__car_racing.json,tasks/by_database/spider_data__car_racing.jsonl
spider_data__car_racing,car_racing,racing_competition,赛车竞赛,task_001144,"Which country has both drivers with make ""Dodge"" and drivers with make ""Chevrolet""?",False,,schemas/by_database/spider_data__car_racing.json,tasks/by_database/spider_data__car_racing.jsonl
spider_data__car_racing,car_racing,racing_competition,赛车竞赛,task_001145,"Find the countries in which there are both drivers with make ""Dodge"" and drivers with make ""Chevrolet"".",False,,schemas/by_database/spider_data__car_racing.json,tasks/by_database/spider_data__car_racing.jsonl
spider_data__car_racing,car_racing,racing_competition,赛车竞赛,task_001146,Show total and average points of all drivers.,False,,schemas/by_database/spider_data__car_racing.json,tasks/by_database/spider_data__car_racing.jsonl
spider_data__car_racing,car_racing,racing_competition,赛车竞赛,task_001147,What are the total and average points of drivers?,False,,schemas/by_database/spider_data__car_racing.json,tasks/by_database/spider_data__car_racing.jsonl
spider_data__car_racing,car_racing,racing_competition,赛车竞赛,task_001148,Find the countries where no driver come from.,False,,schemas/by_database/spider_data__car_racing.json,tasks/by_database/spider_data__car_racing.jsonl
spider_data__car_racing,car_racing,racing_competition,赛车竞赛,task_001149,Which countries do not have any drivers?,False,,schemas/by_database/spider_data__car_racing.json,tasks/by_database/spider_data__car_racing.jsonl
spider_data__car_racing,car_racing,racing_competition,赛车竞赛,task_001150,What are the manager and sponsor of the team that has the most drivers?,False,,schemas/by_database/spider_data__car_racing.json,tasks/by_database/spider_data__car_racing.jsonl
spider_data__car_racing,car_racing,racing_competition,赛车竞赛,task_001151,Find the manager and sponsor of the team that has the most drivers.,False,,schemas/by_database/spider_data__car_racing.json,tasks/by_database/spider_data__car_racing.jsonl
spider_data__car_racing,car_racing,racing_competition,赛车竞赛,task_001152,What are the manager and car owner of the team that has at least 2 drivers?,False,,schemas/by_database/spider_data__car_racing.json,tasks/by_database/spider_data__car_racing.jsonl
spider_data__car_racing,car_racing,racing_competition,赛车竞赛,task_001153,Find the team with two or more drivers and return the the manager and car owner of the team.,False,,schemas/by_database/spider_data__car_racing.json,tasks/by_database/spider_data__car_racing.jsonl
train__trains,trains,rail_train_station,铁路交通,task_001154,How many trains are there that run in the east direction?,False,,schemas/by_database/train__trains.json,tasks/by_database/train__trains.jsonl
train__trains,trains,rail_train_station,铁路交通,task_001155,How many cars are there on train no.1?,False,,schemas/by_database/train__trains.json,tasks/by_database/train__trains.jsonl
train__trains,trains,rail_train_station,铁路交通,task_001156,What is the shape of the tail car on train no.1?,False,,schemas/by_database/train__trains.json,tasks/by_database/train__trains.jsonl
train__trains,trains,rail_train_station,铁路交通,task_001157,Please list the IDs of all the trains with at least one car in a non-regular shape.,False,,schemas/by_database/train__trains.json,tasks/by_database/train__trains.jsonl
train__trains,trains,rail_train_station,铁路交通,task_001158,How many cars on train no.1 have the roof open?,False,,schemas/by_database/train__trains.json,tasks/by_database/train__trains.jsonl
train__trains,trains,rail_train_station,铁路交通,task_001159,Please list the IDs of all the cars on train no.1 that have 2 wheels.,False,,schemas/by_database/train__trains.json,tasks/by_database/train__trains.jsonl
train__trains,trains,rail_train_station,铁路交通,task_001160,"Among the trains that run in the east direction, how many of them have at least one car in a non-regular shape?",False,,schemas/by_database/train__trains.json,tasks/by_database/train__trains.jsonl
train__trains,trains,rail_train_station,铁路交通,task_001161,Please list the IDs of all the trains that run in the east direction and have less than 4 cars.,False,,schemas/by_database/train__trains.json,tasks/by_database/train__trains.jsonl
train__trains,trains,rail_train_station,铁路交通,task_001162,Please list the IDs of all the cars with double sides on trains that run in the west direction.,True,sql,schemas/by_database/train__trains.json,tasks/by_database/train__trains.jsonl
train__trains,trains,rail_train_station,铁路交通,task_001163,"Among the trains that run in the east direction, how many of them have more than 2 long cars?",True,sql,schemas/by_database/train__trains.json,tasks/by_database/train__trains.jsonl
train__trains,trains,rail_train_station,铁路交通,task_001164,Please list the directions in which the trains with at least one empty-loaded car run.,False,,schemas/by_database/train__trains.json,tasks/by_database/train__trains.jsonl
train__trains,trains,rail_train_station,铁路交通,task_001165,In which direction does the train with an ellipse-shape car run?,False,,schemas/by_database/train__trains.json,tasks/by_database/train__trains.jsonl
train__trains,trains,rail_train_station,铁路交通,task_001166,What is the total number of short cars on all the trains that run in the east direction?,False,,schemas/by_database/train__trains.json,tasks/by_database/train__trains.jsonl
train__trains,trains,rail_train_station,铁路交通,task_001167,Please list the shapes of all the head cars on the trains that run in the east direction.,False,,schemas/by_database/train__trains.json,tasks/by_database/train__trains.jsonl
train__trains,trains,rail_train_station,铁路交通,task_001168,How many cars on a train that runs in the east direction have a flat roof?,False,,schemas/by_database/train__trains.json,tasks/by_database/train__trains.jsonl
train__trains,trains,rail_train_station,铁路交通,task_001169,"Among the cars on a train that runs in the east direction, how many of them have a flat roof and a circle load shape?",False,,schemas/by_database/train__trains.json,tasks/by_database/train__trains.jsonl
train__trains,trains,rail_train_station,铁路交通,task_001170,Trains that run in which direction have more rectangle-shaped cars in total?,True,sql,schemas/by_database/train__trains.json,tasks/by_database/train__trains.jsonl
train__trains,trains,rail_train_station,铁路交通,task_001171,Please list the directions in which the trains with 4 short cars run.,False,,schemas/by_database/train__trains.json,tasks/by_database/train__trains.jsonl
train__trains,trains,rail_train_station,铁路交通,task_001172,What is the average number of cars on trains that run in the east direction?,False,,schemas/by_database/train__trains.json,tasks/by_database/train__trains.jsonl
train__trains,trains,rail_train_station,铁路交通,task_001173,"Among the trains that have at least one non-regular shaped car, what is the percentage of it running in the east direction?",False,,schemas/by_database/train__trains.json,tasks/by_database/train__trains.jsonl
train__trains,trains,rail_train_station,铁路交通,task_001174,How many short cars are in the shape of hexagon?,False,,schemas/by_database/train__trains.json,tasks/by_database/train__trains.jsonl
train__trains,trains,rail_train_station,铁路交通,task_001175,How many trains are running west?,False,,schemas/by_database/train__trains.json,tasks/by_database/train__trains.jsonl
train__trains,trains,rail_train_station,铁路交通,task_001176,What are the load shapes of all the short ellipse cars?,False,,schemas/by_database/train__trains.json,tasks/by_database/train__trains.jsonl
train__trains,trains,rail_train_station,铁路交通,task_001177,What are the ids of the train running east?,False,,schemas/by_database/train__trains.json,tasks/by_database/train__trains.jsonl
train__trains,trains,rail_train_station,铁路交通,task_001178,How many wheels do the long cars have?,False,,schemas/by_database/train__trains.json,tasks/by_database/train__trains.jsonl
train__trains,trains,rail_train_station,铁路交通,task_001179,Which direction do the majority of the trains are running?,True,sql,schemas/by_database/train__trains.json,tasks/by_database/train__trains.jsonl
train__trains,trains,rail_train_station,铁路交通,task_001180,"Among the trains running east, how many trains have at least 4 cars?",False,,schemas/by_database/train__trains.json,tasks/by_database/train__trains.jsonl
train__trains,trains,rail_train_station,铁路交通,task_001181,Which direction do most of the trains with rectangle-shaped second cars run?,False,,schemas/by_database/train__trains.json,tasks/by_database/train__trains.jsonl
train__trains,trains,rail_train_station,铁路交通,task_001182,How many trains running west have double sided cars in 3rd position?,False,,schemas/by_database/train__trains.json,tasks/by_database/train__trains.jsonl
train__trains,trains,rail_train_station,铁路交通,task_001183,How many eastbound trains have rectangular-shaped head cars?,False,,schemas/by_database/train__trains.json,tasks/by_database/train__trains.jsonl
train__trains,trains,rail_train_station,铁路交通,task_001184,"Among the trains running west, how many trains have no more than one car with an open roof?",False,,schemas/by_database/train__trains.json,tasks/by_database/train__trains.jsonl
train__trains,trains,rail_train_station,铁路交通,task_001185,Which direction does the majority of the trains that have 3 cars are running?,False,,schemas/by_database/train__trains.json,tasks/by_database/train__trains.jsonl
train__trains,trains,rail_train_station,铁路交通,task_001186,How many trains with fully loaded head cars are running east?,True,sql,schemas/by_database/train__trains.json,tasks/by_database/train__trains.jsonl
train__trains,trains,rail_train_station,铁路交通,task_001187,How many cars running east have double-sided tail cars?,False,,schemas/by_database/train__trains.json,tasks/by_database/train__trains.jsonl
train__trains,trains,rail_train_station,铁路交通,task_001188,List all the directions of the trains that have empty cars.,False,,schemas/by_database/train__trains.json,tasks/by_database/train__trains.jsonl
train__trains,trains,rail_train_station,铁路交通,task_001189,What is the direction of the train with a diamond-shaped load in its 2nd car?,True,sql,schemas/by_database/train__trains.json,tasks/by_database/train__trains.jsonl
train__trains,trains,rail_train_station,铁路交通,task_001190,"Among the trains running west, how many trains have three-wheeled, jagged roof cars?",False,,schemas/by_database/train__trains.json,tasks/by_database/train__trains.jsonl
train__trains,trains,rail_train_station,铁路交通,task_001191,Provide the directions for all the trains that have 2 or less cars.,False,,schemas/by_database/train__trains.json,tasks/by_database/train__trains.jsonl
train__trains,trains,rail_train_station,铁路交通,task_001192,What percentage of all trains have at least 4 cars? Also list the distinct directions of those trains.,True,question_and_sql,schemas/by_database/train__trains.json,tasks/by_database/train__trains.jsonl
train__trains,trains,rail_train_station,铁路交通,task_001193,"List each train's head-car load shape, identify the most common head-car load shape, and calculate the percentage of trains with that most common head-car load shape that run east.",True,question_and_sql,schemas/by_database/train__trains.json,tasks/by_database/train__trains.jsonl
train__car_retails,car_retails,road_vehicle_business,道路车辆,task_001194,List the country and how many customers are there.,False,,schemas/by_database/train__car_retails.json,tasks/by_database/train__car_retails.jsonl
train__car_retails,car_retails,road_vehicle_business,道路车辆,task_001195,Which different vendor has the most amount of orders? Calculate the total estimated earnings.,True,sql,schemas/by_database/train__car_retails.json,tasks/by_database/train__car_retails.jsonl
train__car_retails,car_retails,road_vehicle_business,道路车辆,task_001196,Who is the sales agent of the distinct customer who paid the highest amount in the year 2004?,False,,schemas/by_database/train__car_retails.json,tasks/by_database/train__car_retails.jsonl
train__car_retails,car_retails,road_vehicle_business,道路车辆,task_001197,What was the total price of the products shipped to Rovelli Gifts between 1/1/2003 and 12/31/2003?,True,question_and_sql,schemas/by_database/train__car_retails.json,tasks/by_database/train__car_retails.jsonl
train__car_retails,car_retails,road_vehicle_business,道路车辆,task_001198,How many employees are there in Sydney?,False,,schemas/by_database/train__car_retails.json,tasks/by_database/train__car_retails.jsonl
train__car_retails,car_retails,road_vehicle_business,道路车辆,task_001199,Which sales representatives in New York city whose leader is Anthony Bow with the employee number is 1143? Indicate their employee numbers.,False,,schemas/by_database/train__car_retails.json,tasks/by_database/train__car_retails.jsonl
train__car_retails,car_retails,road_vehicle_business,道路车辆,task_001200,"What is the average, highest and lowest annual payments collected between 1/1/2003 to 12/31/2005?",True,sql,schemas/by_database/train__car_retails.json,tasks/by_database/train__car_retails.jsonl
train__car_retails,car_retails,road_vehicle_business,道路车辆,task_001201,Which countries do the top 5 highest paying customers in a single payment come from? Indicate their entire address.,False,,schemas/by_database/train__car_retails.json,tasks/by_database/train__car_retails.jsonl
train__car_retails,car_retails,road_vehicle_business,道路车辆,task_001202,How many checks were issued by Euro+ Shopping Channel in the year 2004?,False,,schemas/by_database/train__car_retails.json,tasks/by_database/train__car_retails.jsonl
train__car_retails,car_retails,road_vehicle_business,道路车辆,task_001203,"Of all the classic cars, with a product scale of 1:18, which product is the most ordered product by customers?",False,,schemas/by_database/train__car_retails.json,tasks/by_database/train__car_retails.jsonl
train__car_retails,car_retails,road_vehicle_business,道路车辆,task_001204,"How many customers have a credit limit of not more than 100,000 and which customer made the highest total payment amount for the year 2004?",True,sql,schemas/by_database/train__car_retails.json,tasks/by_database/train__car_retails.jsonl
train__car_retails,car_retails,road_vehicle_business,道路车辆,task_001205,"Which of the customers, whose Tokyo-based sales representative reports to the Vice President of Sales whose employee number is 1056, has paid the highest payment? List the customer's name, the contact person and calculate the total amount of that customer's total payments.",False,,schemas/by_database/train__car_retails.json,tasks/by_database/train__car_retails.jsonl
train__car_retails,car_retails,road_vehicle_business,道路车辆,task_001206,Which two products has the highest and lowest expected profits? Determine the total price for each product in terms of the largest quantity that was ordered.,True,sql,schemas/by_database/train__car_retails.json,tasks/by_database/train__car_retails.jsonl
train__car_retails,car_retails,road_vehicle_business,道路车辆,task_001207,How many different orders with a total price greater than 4000 are cancelled?,False,,schemas/by_database/train__car_retails.json,tasks/by_database/train__car_retails.jsonl
train__car_retails,car_retails,road_vehicle_business,道路车辆,task_001208,How many distinct orders were there in 2003 when the quantity ordered was less than 30?,False,,schemas/by_database/train__car_retails.json,tasks/by_database/train__car_retails.jsonl
train__car_retails,car_retails,road_vehicle_business,道路车辆,task_001209,What is the total value of cancelled orders?,False,,schemas/by_database/train__car_retails.json,tasks/by_database/train__car_retails.jsonl
train__car_retails,car_retails,road_vehicle_business,道路车辆,task_001210,Please calculate the total value of Motorcycles orders.,False,,schemas/by_database/train__car_retails.json,tasks/by_database/train__car_retails.jsonl
train__car_retails,car_retails,road_vehicle_business,道路车辆,task_001211,How many Planes orders were there?,False,,schemas/by_database/train__car_retails.json,tasks/by_database/train__car_retails.jsonl
train__car_retails,car_retails,road_vehicle_business,道路车辆,task_001212,How many orders which expected profits greater than 100?,False,,schemas/by_database/train__car_retails.json,tasks/by_database/train__car_retails.jsonl
train__car_retails,car_retails,road_vehicle_business,道路车辆,task_001213,Please calculate the average total price of orders from Exoto Designs Vendor in 2005.,False,,schemas/by_database/train__car_retails.json,tasks/by_database/train__car_retails.jsonl
train__car_retails,car_retails,road_vehicle_business,道路车辆,task_001214,How many sales representatives who have office code is 1?,False,,schemas/by_database/train__car_retails.json,tasks/by_database/train__car_retails.jsonl
train__car_retails,car_retails,road_vehicle_business,道路车辆,task_001215,"Please list different customer names with the payment amount of over 50,000.",False,,schemas/by_database/train__car_retails.json,tasks/by_database/train__car_retails.jsonl
train__car_retails,car_retails,road_vehicle_business,道路车辆,task_001216,Please calculate the total payment amount of customers who come from the USA.,False,,schemas/by_database/train__car_retails.json,tasks/by_database/train__car_retails.jsonl
train__car_retails,car_retails,road_vehicle_business,道路车辆,task_001217,What are the total payments of customers with no credit limit in 2003?,False,,schemas/by_database/train__car_retails.json,tasks/by_database/train__car_retails.jsonl
train__car_retails,car_retails,road_vehicle_business,道路车辆,task_001218,Please list the name and phone number of the customer whose order was cancelled.,False,,schemas/by_database/train__car_retails.json,tasks/by_database/train__car_retails.jsonl
train__car_retails,car_retails,road_vehicle_business,道路车辆,task_001219,How many French customers have exactly 2 cancelled orders?,True,question_and_sql,schemas/by_database/train__car_retails.json,tasks/by_database/train__car_retails.jsonl
train__car_retails,car_retails,road_vehicle_business,道路车辆,task_001220,Please calculate the average total price of shipped orders from German customers.,False,,schemas/by_database/train__car_retails.json,tasks/by_database/train__car_retails.jsonl
train__car_retails,car_retails,road_vehicle_business,道路车辆,task_001221,List out full name of employees who are working in Tokyo?,False,,schemas/by_database/train__car_retails.json,tasks/by_database/train__car_retails.jsonl
train__car_retails,car_retails,road_vehicle_business,道路车辆,task_001222,How many Sales Rep who are working in Tokyo? List out email and full name of those employees.,True,sql,schemas/by_database/train__car_retails.json,tasks/by_database/train__car_retails.jsonl
train__car_retails,car_retails,road_vehicle_business,道路车辆,task_001223,State the email of those who are staff of Murphy Diane whose number is 1002 and living in San Francisco,False,,schemas/by_database/train__car_retails.json,tasks/by_database/train__car_retails.jsonl
train__car_retails,car_retails,road_vehicle_business,道路车辆,task_001224,"Determine the email and Code of employee who are working at United State, state MA",False,,schemas/by_database/train__car_retails.json,tasks/by_database/train__car_retails.jsonl
train__car_retails,car_retails,road_vehicle_business,道路车辆,task_001225,How many Sales Manager who are working in Sydney? List out their email.,True,sql,schemas/by_database/train__car_retails.json,tasks/by_database/train__car_retails.jsonl
train__car_retails,car_retails,road_vehicle_business,道路车辆,task_001226,How many employees who are living in Australia and have the credit limit under 200000? State their email address and countries where they are working.,False,,schemas/by_database/train__car_retails.json,tasks/by_database/train__car_retails.jsonl
train__car_retails,car_retails,road_vehicle_business,道路车辆,task_001227,State 10 emails of UK Sales Rep who have the lowest credit limit.,False,,schemas/by_database/train__car_retails.json,tasks/by_database/train__car_retails.jsonl
train__car_retails,car_retails,road_vehicle_business,道路车辆,task_001228,How many Australian customers who have credit line under 220000?,False,,schemas/by_database/train__car_retails.json,tasks/by_database/train__car_retails.jsonl
train__car_retails,car_retails,road_vehicle_business,道路车辆,task_001229,List out 3 customer numbers who have highest amount payment,False,,schemas/by_database/train__car_retails.json,tasks/by_database/train__car_retails.jsonl
train__car_retails,car_retails,road_vehicle_business,道路车辆,task_001230,"Determine the email and Code of employee who are working at United State, state CA",False,,schemas/by_database/train__car_retails.json,tasks/by_database/train__car_retails.jsonl
train__car_retails,car_retails,road_vehicle_business,道路车辆,task_001231,List out full name of employees who are working in Boston?,True,sql,schemas/by_database/train__car_retails.json,tasks/by_database/train__car_retails.jsonl
train__car_retails,car_retails,road_vehicle_business,道路车辆,task_001232,State top 3 emails of UK Sales Rep who have the highest credit limit.,False,,schemas/by_database/train__car_retails.json,tasks/by_database/train__car_retails.jsonl
train__car_retails,car_retails,road_vehicle_business,道路车辆,task_001233,How many customers who are in Norway and have credit line under 220000?,False,,schemas/by_database/train__car_retails.json,tasks/by_database/train__car_retails.jsonl
train__car_retails,car_retails,road_vehicle_business,道路车辆,task_001234,List out full name and email of employees who are working in Paris?,True,sql,schemas/by_database/train__car_retails.json,tasks/by_database/train__car_retails.jsonl
train__car_retails,car_retails,road_vehicle_business,道路车辆,task_001235,"List the product code of the top five motorcycles, by descending order, the number of quantity in stock.",False,,schemas/by_database/train__car_retails.json,tasks/by_database/train__car_retails.jsonl
train__car_retails,car_retails,road_vehicle_business,道路车辆,task_001236,"Among the German customers, how many of the them has credit limit of zero?",False,,schemas/by_database/train__car_retails.json,tasks/by_database/train__car_retails.jsonl
train__car_retails,car_retails,road_vehicle_business,道路车辆,task_001237,"From 2003 to 2004, how many customers have paid more than three times?",False,,schemas/by_database/train__car_retails.json,tasks/by_database/train__car_retails.jsonl
train__car_retails,car_retails,road_vehicle_business,道路车辆,task_001238,What is the average actual profit by 1937 Lincoln Berline?,False,,schemas/by_database/train__car_retails.json,tasks/by_database/train__car_retails.jsonl
train__car_retails,car_retails,road_vehicle_business,道路车辆,task_001239,"Among the motorcycles with product scale of 1:10, which of them is the most ordered by American customers?",False,,schemas/by_database/train__car_retails.json,tasks/by_database/train__car_retails.jsonl
train__car_retails,car_retails,road_vehicle_business,道路车辆,task_001240,"Between 8/1/2003 and 8/30/2004, how many checks were issued by Mini Gifts Distributors Ltd.? Please list their check numbers.",False,,schemas/by_database/train__car_retails.json,tasks/by_database/train__car_retails.jsonl
train__car_retails,car_retails,road_vehicle_business,道路车辆,task_001241,"For the planes which has the hightest total price, how much it exceeds the average?",True,sql,schemas/by_database/train__car_retails.json,tasks/by_database/train__car_retails.jsonl
train__car_retails,car_retails,road_vehicle_business,道路车辆,task_001242,What is the total value of shipped vintage car orders from 2003-2004?,True,sql,schemas/by_database/train__car_retails.json,tasks/by_database/train__car_retails.jsonl
train__car_retails,car_retails,road_vehicle_business,道路车辆,task_001243,Who is the sales agent of the customer who has made the highest payment? Include the full names of employee and his/her supervisor.,True,sql,schemas/by_database/train__car_retails.json,tasks/by_database/train__car_retails.jsonl
train__car_retails,car_retails,road_vehicle_business,道路车辆,task_001244,What is the highest amount of order made by the sales representative in Boston? Please give the name of the product and amount.,True,sql,schemas/by_database/train__car_retails.json,tasks/by_database/train__car_retails.jsonl
train__car_retails,car_retails,road_vehicle_business,道路车辆,task_001245,What is the total actual profit gained from orders made by American customers from 2003-01-06 to 2005-05-09?,True,sql,schemas/by_database/train__car_retails.json,tasks/by_database/train__car_retails.jsonl
train__car_retails,car_retails,road_vehicle_business,道路车辆,task_001246,From which branch does the sales representative employee who made the most sales in 2005? Please indicates its full address and phone number.,True,sql,schemas/by_database/train__car_retails.json,tasks/by_database/train__car_retails.jsonl
train__car_retails,car_retails,road_vehicle_business,道路车辆,task_001247,What is the phone number of all companies where the last name of the contact person starts with the letter M and are not from Germany?,False,,schemas/by_database/train__car_retails.json,tasks/by_database/train__car_retails.jsonl
train__car_retails,car_retails,road_vehicle_business,道路车辆,task_001248,Calculate the average amount of payments made by customers during the first half of 2004.,False,,schemas/by_database/train__car_retails.json,tasks/by_database/train__car_retails.jsonl
train__car_retails,car_retails,road_vehicle_business,道路车辆,task_001249,"Of all the orders placed and shipped throughout the year 2005, what percentage of those orders corresponds to customer number 186?",False,,schemas/by_database/train__car_retails.json,tasks/by_database/train__car_retails.jsonl
train__car_retails,car_retails,road_vehicle_business,道路车辆,task_001250,"How many customers with a canceled shipment have a credit limit greater than 115,000?",False,,schemas/by_database/train__car_retails.json,tasks/by_database/train__car_retails.jsonl
train__car_retails,car_retails,road_vehicle_business,道路车辆,task_001251,On what date did the customer with the lowest credit limit serviced by sales representative Barry Jones make payments for his/her orders?,True,sql,schemas/by_database/train__car_retails.json,tasks/by_database/train__car_retails.jsonl
train__car_retails,car_retails,road_vehicle_business,道路车辆,task_001252,To whom does the employee have to inform that is the sales representative of the French customer?,False,,schemas/by_database/train__car_retails.json,tasks/by_database/train__car_retails.jsonl
train__car_retails,car_retails,road_vehicle_business,道路车辆,task_001253,"What is the full address of the customer who commented that DHL be used for the order that was shipped on April 4, 2005?",True,sql,schemas/by_database/train__car_retails.json,tasks/by_database/train__car_retails.jsonl
train__car_retails,car_retails,road_vehicle_business,道路车辆,task_001254,What is the full address of the office where the employee who is a sales representative for the customer whose business is located in the city of New York works?,True,sql,schemas/by_database/train__car_retails.json,tasks/by_database/train__car_retails.jsonl
train__car_retails,car_retails,road_vehicle_business,道路车辆,task_001255,What is the full address of the office where 4 people work and one of them is Sales Representation?,True,sql,schemas/by_database/train__car_retails.json,tasks/by_database/train__car_retails.jsonl
train__car_retails,car_retails,road_vehicle_business,道路车辆,task_001256,"What profit can the seller Carousel DieCast Legends make from the sale of the product described as ""The perfect holiday or anniversary gift for executives""?",False,,schemas/by_database/train__car_retails.json,tasks/by_database/train__car_retails.jsonl
train__car_retails,car_retails,road_vehicle_business,道路车辆,task_001257,"Of the clients whose businesses are located in the city of Boston, calculate which of them has a higher average amount of payment.",False,,schemas/by_database/train__car_retails.json,tasks/by_database/train__car_retails.jsonl
train__car_retails,car_retails,road_vehicle_business,道路车辆,task_001258,Calculate the total quantity ordered for 18th Century Vintage Horse Carriage and the average price.,False,,schemas/by_database/train__car_retails.json,tasks/by_database/train__car_retails.jsonl
train__car_retails,car_retails,road_vehicle_business,道路车辆,task_001259,How many kinds of products did order No. 10252 contain?,False,,schemas/by_database/train__car_retails.json,tasks/by_database/train__car_retails.jsonl
train__car_retails,car_retails,road_vehicle_business,道路车辆,task_001260,"Who is the sales representative that made the order which was sent to 25 Maiden Lane, Floor No. 4?",False,,schemas/by_database/train__car_retails.json,tasks/by_database/train__car_retails.jsonl
train__car_retails,car_retails,road_vehicle_business,道路车辆,task_001261,Where's Foon Yue Tseng's office located at? Give the detailed address.,False,,schemas/by_database/train__car_retails.json,tasks/by_database/train__car_retails.jsonl
train__car_retails,car_retails,road_vehicle_business,道路车辆,task_001262,"Compared with the orders happened on 2005-04-08 and two days later, which day's order had a higher value?",False,,schemas/by_database/train__car_retails.json,tasks/by_database/train__car_retails.jsonl
train__car_retails,car_retails,road_vehicle_business,道路车辆,task_001263,How many products with the highest expected profits were sold in total?,False,,schemas/by_database/train__car_retails.json,tasks/by_database/train__car_retails.jsonl
train__car_retails,car_retails,road_vehicle_business,道路车辆,task_001264,How much did Petit Auto pay on 2004-08-09?,False,,schemas/by_database/train__car_retails.json,tasks/by_database/train__car_retails.jsonl
train__car_retails,car_retails,road_vehicle_business,道路车辆,task_001265,"What was the contact name for the check ""NR157385""?",False,,schemas/by_database/train__car_retails.json,tasks/by_database/train__car_retails.jsonl
train__car_retails,car_retails,road_vehicle_business,道路车辆,task_001266,Which customer made the order No. 10160? Give the contact name.,True,sql,schemas/by_database/train__car_retails.json,tasks/by_database/train__car_retails.jsonl
train__car_retails,car_retails,road_vehicle_business,道路车辆,task_001267,Where was the order No. 10383 shipped to? Show me the address.,False,,schemas/by_database/train__car_retails.json,tasks/by_database/train__car_retails.jsonl
train__car_retails,car_retails,road_vehicle_business,道路车辆,task_001268,"For the productline where the product No.S18_2949 was produced, what's the text description for that product line?",False,,schemas/by_database/train__car_retails.json,tasks/by_database/train__car_retails.jsonl
train__car_retails,car_retails,road_vehicle_business,道路车辆,task_001269,"If Dragon Souveniers, Ltd. aren't satisfied with their order and want to send a complain e-mail, which e-mail address should they send to?",False,,schemas/by_database/train__car_retails.json,tasks/by_database/train__car_retails.jsonl
train__car_retails,car_retails,road_vehicle_business,道路车辆,task_001270,How many French customers does Gerard Hernandez take care of?,False,,schemas/by_database/train__car_retails.json,tasks/by_database/train__car_retails.jsonl
train__car_retails,car_retails,road_vehicle_business,道路车辆,task_001271,What was the latest order that customer No.114 made? Give the name of the product.,False,,schemas/by_database/train__car_retails.json,tasks/by_database/train__car_retails.jsonl
train__car_retails,car_retails,road_vehicle_business,道路车辆,task_001272,"For the product No. S18_3482 in the Order No.10108, how much discount did the customer have?",False,,schemas/by_database/train__car_retails.json,tasks/by_database/train__car_retails.jsonl
train__car_retails,car_retails,road_vehicle_business,道路车辆,task_001273,To whom does Steve Patterson report? Please give his or her full name.,True,sql,schemas/by_database/train__car_retails.json,tasks/by_database/train__car_retails.jsonl
train__car_retails,car_retails,road_vehicle_business,道路车辆,task_001274,How do I contact the President of the company?,False,,schemas/by_database/train__car_retails.json,tasks/by_database/train__car_retails.jsonl
train__car_retails,car_retails,road_vehicle_business,道路车辆,task_001275,Who is the sales representitive of Muscle Machine Inc? Please give the employee's full name.,True,sql,schemas/by_database/train__car_retails.json,tasks/by_database/train__car_retails.jsonl
train__car_retails,car_retails,road_vehicle_business,道路车辆,task_001276,"If I'm from the Muscle Machine Inc, to which e-mail adress should I write a letter if I want to reach the superior of my sales representitive?",True,sql,schemas/by_database/train__car_retails.json,tasks/by_database/train__car_retails.jsonl
train__car_retails,car_retails,road_vehicle_business,道路车辆,task_001277,Please list all the customers that have Steve Patterson as their sales representitive.,False,,schemas/by_database/train__car_retails.json,tasks/by_database/train__car_retails.jsonl
train__car_retails,car_retails,road_vehicle_business,道路车辆,task_001278,How many customers have an employee who reports to William Patterson as their sales representitive?,True,sql,schemas/by_database/train__car_retails.json,tasks/by_database/train__car_retails.jsonl
train__car_retails,car_retails,road_vehicle_business,道路车辆,task_001279,Please list the phone numbers of the top 3 customers that have the highest credit limit and have Leslie Jennings as their sales representitive.,False,,schemas/by_database/train__car_retails.json,tasks/by_database/train__car_retails.jsonl
train__car_retails,car_retails,road_vehicle_business,道路车辆,task_001280,How many sales representitives are based in the offices in the USA?,False,,schemas/by_database/train__car_retails.json,tasks/by_database/train__car_retails.jsonl
train__car_retails,car_retails,road_vehicle_business,道路车辆,task_001281,Where can I find the office of the President of the company?,False,,schemas/by_database/train__car_retails.json,tasks/by_database/train__car_retails.jsonl
train__car_retails,car_retails,road_vehicle_business,道路车辆,task_001282,What's the postal code of the office the VP Sales is at?,False,,schemas/by_database/train__car_retails.json,tasks/by_database/train__car_retails.jsonl
train__car_retails,car_retails,road_vehicle_business,道路车辆,task_001283,What is the total price of the order made by Cruz & Sons Co. on 2003/3/3?,False,,schemas/by_database/train__car_retails.json,tasks/by_database/train__car_retails.jsonl
train__car_retails,car_retails,road_vehicle_business,道路车辆,task_001284,Which product did Cruz & Sons Co. order on 2003/3/3?,False,,schemas/by_database/train__car_retails.json,tasks/by_database/train__car_retails.jsonl
train__car_retails,car_retails,road_vehicle_business,道路车辆,task_001285,Which product did Cruz & Sons Co. ask for the biggest amount in a single order?,False,,schemas/by_database/train__car_retails.json,tasks/by_database/train__car_retails.jsonl
train__car_retails,car_retails,road_vehicle_business,道路车辆,task_001286,When were the products ordered by Cruz & Sons Co. on 2003-03-03 shipped?,False,,schemas/by_database/train__car_retails.json,tasks/by_database/train__car_retails.jsonl
train__car_retails,car_retails,road_vehicle_business,道路车辆,task_001287,What is the amount of customers of 1957 Chevy Pickup by customers in a month?,False,,schemas/by_database/train__car_retails.json,tasks/by_database/train__car_retails.jsonl
train__car_retails,car_retails,road_vehicle_business,道路车辆,task_001288,Name the product from the 'Classic Cars' production line that has the greatest expected profit.,False,,schemas/by_database/train__car_retails.json,tasks/by_database/train__car_retails.jsonl
train__car_retails,car_retails,road_vehicle_business,道路车辆,task_001289,List all the name of customers who have orders that are still processing.,False,,schemas/by_database/train__car_retails.json,tasks/by_database/train__car_retails.jsonl
train__car_retails,car_retails,road_vehicle_business,道路车辆,task_001290,"Among all orders shipped, calculate the percentage of orders shipped at least 3 days before the required date.",True,sql,schemas/by_database/train__car_retails.json,tasks/by_database/train__car_retails.jsonl
train__car_retails,car_retails,road_vehicle_business,道路车辆,task_001291,Find the customer who made the highest payment in 2005.,False,,schemas/by_database/train__car_retails.json,tasks/by_database/train__car_retails.jsonl
train__car_retails,car_retails,road_vehicle_business,道路车辆,task_001292,Which is the most ordered quantity product? What is its expected profit margin per piece?,False,,schemas/by_database/train__car_retails.json,tasks/by_database/train__car_retails.jsonl
train__car_retails,car_retails,road_vehicle_business,道路车辆,task_001293,"For the order has the most product ordered, name the customer who placed the order.",True,sql,schemas/by_database/train__car_retails.json,tasks/by_database/train__car_retails.jsonl
train__car_retails,car_retails,road_vehicle_business,道路车辆,task_001294,List all customer names with orders that are disputed.,True,sql,schemas/by_database/train__car_retails.json,tasks/by_database/train__car_retails.jsonl
train__car_retails,car_retails,road_vehicle_business,道路车辆,task_001295,What is the percentage of employees are in Paris office?,False,,schemas/by_database/train__car_retails.json,tasks/by_database/train__car_retails.jsonl
train__car_retails,car_retails,road_vehicle_business,道路车辆,task_001296,"Name the Sales Manager of Europe, Middle East, and Africa region. In which office does he/she report to?",True,sql,schemas/by_database/train__car_retails.json,tasks/by_database/train__car_retails.jsonl
train__car_retails,car_retails,road_vehicle_business,道路车辆,task_001297,List the name of employees in Japan office and who are they reporting to.,True,sql,schemas/by_database/train__car_retails.json,tasks/by_database/train__car_retails.jsonl
train__car_retails,car_retails,road_vehicle_business,道路车辆,task_001298,Which customer ordered 1939 'Chevrolet Deluxe Coupe' at the highest price?,False,,schemas/by_database/train__car_retails.json,tasks/by_database/train__car_retails.jsonl
train__car_retails,car_retails,road_vehicle_business,道路车辆,task_001299,What is the percentage of the payment amount in 2004 was made by Atelier graphique?,False,,schemas/by_database/train__car_retails.json,tasks/by_database/train__car_retails.jsonl
train__car_retails,car_retails,road_vehicle_business,道路车辆,task_001300,Calculate the actual profit for order number 10100.,False,,schemas/by_database/train__car_retails.json,tasks/by_database/train__car_retails.jsonl
train__car_retails,car_retails,road_vehicle_business,道路车辆,task_001301,How much did customer 103 pay in total?,False,,schemas/by_database/train__car_retails.json,tasks/by_database/train__car_retails.jsonl
train__car_retails,car_retails,road_vehicle_business,道路车辆,task_001302,What is the total price of the order 10100?,False,,schemas/by_database/train__car_retails.json,tasks/by_database/train__car_retails.jsonl
train__car_retails,car_retails,road_vehicle_business,道路车辆,task_001303,Please list the top three product names with the highest unit price.,False,,schemas/by_database/train__car_retails.json,tasks/by_database/train__car_retails.jsonl
train__car_retails,car_retails,road_vehicle_business,道路车辆,task_001304,"Among the customers of empolyee 1370, who has the highest credit limit?Please list the full name of the contact person.",True,sql,schemas/by_database/train__car_retails.json,tasks/by_database/train__car_retails.jsonl
train__car_retails,car_retails,road_vehicle_business,道路车辆,task_001305,How many 2003 Harley-Davidson Eagle Drag Bikes were ordered?,False,,schemas/by_database/train__car_retails.json,tasks/by_database/train__car_retails.jsonl
train__car_retails,car_retails,road_vehicle_business,道路车辆,task_001306,When was the product with the highest unit price shipped?,False,,schemas/by_database/train__car_retails.json,tasks/by_database/train__car_retails.jsonl
train__car_retails,car_retails,road_vehicle_business,道路车辆,task_001307,How many motorcycles have been ordered in 2004?,False,,schemas/by_database/train__car_retails.json,tasks/by_database/train__car_retails.jsonl
train__car_retails,car_retails,road_vehicle_business,道路车辆,task_001308,Please list the order number of the customer whose credit card has a limit of 45300.,False,,schemas/by_database/train__car_retails.json,tasks/by_database/train__car_retails.jsonl
train__car_retails,car_retails,road_vehicle_business,道路车辆,task_001309,"For Which order was the most profitable, please list the customer name of the order and the profit of the order.",True,sql,schemas/by_database/train__car_retails.json,tasks/by_database/train__car_retails.jsonl
train__car_retails,car_retails,road_vehicle_business,道路车辆,task_001310,How many transactions payment made by customer that is lower than 10000. Group the result by year.,False,,schemas/by_database/train__car_retails.json,tasks/by_database/train__car_retails.jsonl
train__car_retails,car_retails,road_vehicle_business,道路车辆,task_001311,List out 3 best seller products during year 2003 with their total quantity sold during 2003.,False,,schemas/by_database/train__car_retails.json,tasks/by_database/train__car_retails.jsonl
train__car_retails,car_retails,road_vehicle_business,道路车辆,task_001312,List out sale rep that has sold 1969 Harley Davidson Ultimate Chopper. List out their names and quantity sold throughout the year.,False,,schemas/by_database/train__car_retails.json,tasks/by_database/train__car_retails.jsonl
train__car_retails,car_retails,road_vehicle_business,道路车辆,task_001313,Who are the sales representatives in New York City? List their full names.,True,sql,schemas/by_database/train__car_retails.json,tasks/by_database/train__car_retails.jsonl
train__car_retails,car_retails,road_vehicle_business,道路车辆,task_001314,Identify the customer and list down the country with the check number GG31455.,False,,schemas/by_database/train__car_retails.json,tasks/by_database/train__car_retails.jsonl
train__car_retails,car_retails,road_vehicle_business,道路车辆,task_001315,How many 2001 Ferrari Enzo were ordered?,True,sql,schemas/by_database/train__car_retails.json,tasks/by_database/train__car_retails.jsonl
train__car_retails,car_retails,road_vehicle_business,道路车辆,task_001316,Which 5 products has the lowest amount of orders? List the product names.,False,,schemas/by_database/train__car_retails.json,tasks/by_database/train__car_retails.jsonl
train__car_retails,car_retails,road_vehicle_business,道路车辆,task_001317,List down the customer names with a disputed order status.,False,,schemas/by_database/train__car_retails.json,tasks/by_database/train__car_retails.jsonl
train__car_retails,car_retails,road_vehicle_business,道路车辆,task_001318,How many customers from the USA have an In Process order status?,True,question_and_sql,schemas/by_database/train__car_retails.json,tasks/by_database/train__car_retails.jsonl
train__car_retails,car_retails,road_vehicle_business,道路车辆,task_001319,Calculate the total price of shipped orders belonging to Land of Toys Inc. under the classic car line of products.,False,,schemas/by_database/train__car_retails.json,tasks/by_database/train__car_retails.jsonl
train__cars,cars,road_vehicle_business,道路车辆,task_001320,"Among the cars with 8 cylinders, what is the name of the one that's the most expensive?",False,,schemas/by_database/train__cars.json,tasks/by_database/train__cars.jsonl
train__cars,cars,road_vehicle_business,道路车辆,task_001321,"Among the cars over 3000lbs, how many of them cost less than $30000?",False,,schemas/by_database/train__cars.json,tasks/by_database/train__cars.jsonl
train__cars,cars,road_vehicle_business,道路车辆,task_001322,What is the acceleration of the most expensive car?,False,,schemas/by_database/train__cars.json,tasks/by_database/train__cars.jsonl
train__cars,cars,road_vehicle_business,道路车辆,task_001323,How much US dollars does a Ford Torino cost?,False,,schemas/by_database/train__cars.json,tasks/by_database/train__cars.jsonl
train__cars,cars,road_vehicle_business,道路车辆,task_001324,What was the origin country of the car model ford torino produced in 1970?,False,,schemas/by_database/train__cars.json,tasks/by_database/train__cars.jsonl
train__cars,cars,road_vehicle_business,道路车辆,task_001325,"Among the car models introduced in the market in 1970, how many of them have the USA as their origin country?",False,,schemas/by_database/train__cars.json,tasks/by_database/train__cars.jsonl
train__cars,cars,road_vehicle_business,道路车辆,task_001326,Please list the names of all the car models whose origin country is the USA.,False,,schemas/by_database/train__cars.json,tasks/by_database/train__cars.jsonl
train__cars,cars,road_vehicle_business,道路车辆,task_001327,Please list the names of the top 3 most expensive cars.,False,,schemas/by_database/train__cars.json,tasks/by_database/train__cars.jsonl
train__cars,cars,road_vehicle_business,道路车辆,task_001328,Please list all the years in which the car model Chevrolet Impala was introduced in the market.,False,,schemas/by_database/train__cars.json,tasks/by_database/train__cars.jsonl
train__cars,cars,road_vehicle_business,道路车辆,task_001329,"Among the cars with an acceleration of over 10 miles per squared hour, how many of them cost more than $20000 and less than $30000?",True,sql,schemas/by_database/train__cars.json,tasks/by_database/train__cars.jsonl
train__cars,cars,road_vehicle_business,道路车辆,task_001330,Please list the weights of all the cars with the price over $40000.,False,,schemas/by_database/train__cars.json,tasks/by_database/train__cars.jsonl
train__cars,cars,road_vehicle_business,道路车辆,task_001331,What is the maximum acceleration of a car with price over $40000?,False,,schemas/by_database/train__cars.json,tasks/by_database/train__cars.jsonl
train__cars,cars,road_vehicle_business,道路车辆,task_001332,What is the average price of cars with 8 cylinders?,False,,schemas/by_database/train__cars.json,tasks/by_database/train__cars.jsonl
train__cars,cars,road_vehicle_business,道路车辆,task_001333,What is the maximum sweep volume of a car that costs less than $30000?,False,,schemas/by_database/train__cars.json,tasks/by_database/train__cars.jsonl
train__cars,cars,road_vehicle_business,道路车辆,task_001334,How many cars in the database are originated from Europe?,False,,schemas/by_database/train__cars.json,tasks/by_database/train__cars.jsonl
train__cars,cars,road_vehicle_business,道路车辆,task_001335,Show the origin country of Chevrolet Malibu.,False,,schemas/by_database/train__cars.json,tasks/by_database/train__cars.jsonl
train__cars,cars,road_vehicle_business,道路车辆,task_001336,What are the miles per gallon of the most expensive car?,False,,schemas/by_database/train__cars.json,tasks/by_database/train__cars.jsonl
train__cars,cars,road_vehicle_business,道路车辆,task_001337,Tell the origin country of car no.382.,False,,schemas/by_database/train__cars.json,tasks/by_database/train__cars.jsonl
train__cars,cars,road_vehicle_business,道路车辆,task_001338,Which is the origin country of the $44274.40748 car?,False,,schemas/by_database/train__cars.json,tasks/by_database/train__cars.jsonl
train__cars,cars,road_vehicle_business,道路车辆,task_001339,How much is the Volkswagen Dasher with 14.1 mph acceleration?,False,,schemas/by_database/train__cars.json,tasks/by_database/train__cars.jsonl
train__cars,cars,road_vehicle_business,道路车辆,task_001340,Provide the engine displacement status of the $37443.85589 car.,False,,schemas/by_database/train__cars.json,tasks/by_database/train__cars.jsonl
train__cars,cars,road_vehicle_business,道路车辆,task_001341,When was the $32650.65157 car introduced to the market? State the year.,True,sql,schemas/by_database/train__cars.json,tasks/by_database/train__cars.jsonl
train__cars,cars,road_vehicle_business,道路车辆,task_001342,Provide the price of the only Toyota Corona hardtop in the database.,False,,schemas/by_database/train__cars.json,tasks/by_database/train__cars.jsonl
train__cars,cars,road_vehicle_business,道路车辆,task_001343,How many cylinders does the cheapest car have?,False,,schemas/by_database/train__cars.json,tasks/by_database/train__cars.jsonl
train__cars,cars,road_vehicle_business,道路车辆,task_001344,Which car in the database provides the best crash protection based on its weight? How much is it?,True,sql,schemas/by_database/train__cars.json,tasks/by_database/train__cars.jsonl
train__cars,cars,road_vehicle_business,道路车辆,task_001345,State the origin country of the fastest car in the database.,False,,schemas/by_database/train__cars.json,tasks/by_database/train__cars.jsonl
train__cars,cars,road_vehicle_business,道路车辆,task_001346,What is the percentage of Japanese cars in the database?,False,,schemas/by_database/train__cars.json,tasks/by_database/train__cars.jsonl
train__cars,cars,road_vehicle_business,道路车辆,task_001347,Calculate the swept volume of the $34538.97449 car.,False,,schemas/by_database/train__cars.json,tasks/by_database/train__cars.jsonl
train__cars,cars,road_vehicle_business,道路车辆,task_001348,What is the name of the most expensive car?,False,,schemas/by_database/train__cars.json,tasks/by_database/train__cars.jsonl
train__cars,cars,road_vehicle_business,道路车辆,task_001349,How many cars were released in the USA in 1981?,False,,schemas/by_database/train__cars.json,tasks/by_database/train__cars.jsonl
train__cars,cars,road_vehicle_business,道路车辆,task_001350,How much is the car with the highest sweep volume?,False,,schemas/by_database/train__cars.json,tasks/by_database/train__cars.jsonl
train__cars,cars,road_vehicle_business,道路车辆,task_001351,What is the fastest car made by Japan?,False,,schemas/by_database/train__cars.json,tasks/by_database/train__cars.jsonl
train__cars,cars,road_vehicle_business,道路车辆,task_001352,How many times was Ford Maverick introduced to the market?,False,,schemas/by_database/train__cars.json,tasks/by_database/train__cars.jsonl
train__cars,cars,road_vehicle_business,道路车辆,task_001353,Which country produced the most fuel-efficient car?,False,,schemas/by_database/train__cars.json,tasks/by_database/train__cars.jsonl
train__cars,cars,road_vehicle_business,道路车辆,task_001354,Which Dodge car is the cheapest?,False,,schemas/by_database/train__cars.json,tasks/by_database/train__cars.jsonl
train__cars,cars,road_vehicle_business,道路车辆,task_001355,What is the name of the most expensive car that was produced by the USA?,False,,schemas/by_database/train__cars.json,tasks/by_database/train__cars.jsonl
train__cars,cars,road_vehicle_business,道路车辆,task_001356,"Among the cars with an engine displacement of no less than 400 cubic millimeter, how many cars cost at least 30,000?",False,,schemas/by_database/train__cars.json,tasks/by_database/train__cars.jsonl
train__cars,cars,road_vehicle_business,道路车辆,task_001357,Which year did Europe produce the most cars?,False,,schemas/by_database/train__cars.json,tasks/by_database/train__cars.jsonl
train__cars,cars,road_vehicle_business,道路车辆,task_001358,How much is the Peugeot 505s Turbo Diesel?,False,,schemas/by_database/train__cars.json,tasks/by_database/train__cars.jsonl
train__cars,cars,road_vehicle_business,道路车辆,task_001359,What is the miles per square hour of the cheapest car produced by the USA?,False,,schemas/by_database/train__cars.json,tasks/by_database/train__cars.jsonl
train__cars,cars,road_vehicle_business,道路车辆,task_001360,Which country produced the highest number of cars? Calculate the annual average number of cars that the said country produced from the very start to the present.,False,,schemas/by_database/train__cars.json,tasks/by_database/train__cars.jsonl
train__cars,cars,road_vehicle_business,道路车辆,task_001361,What is the percentage of cars that was produced by Japan among those that have a sweep volume of no less than 30?,False,,schemas/by_database/train__cars.json,tasks/by_database/train__cars.jsonl
train__cars,cars,road_vehicle_business,道路车辆,task_001362,List the name of the cars with model year 1975.,False,,schemas/by_database/train__cars.json,tasks/by_database/train__cars.jsonl
train__cars,cars,road_vehicle_business,道路车辆,task_001363,Calculate the average price of cars from Europe.,False,,schemas/by_database/train__cars.json,tasks/by_database/train__cars.jsonl
train__cars,cars,road_vehicle_business,道路车辆,task_001364,What is the price of the car ID 15?,False,,schemas/by_database/train__cars.json,tasks/by_database/train__cars.jsonl
train__cars,cars,road_vehicle_business,道路车辆,task_001365,How many of the cars from Japan weighed less than 3000?,False,,schemas/by_database/train__cars.json,tasks/by_database/train__cars.jsonl
train__cars,cars,road_vehicle_business,道路车辆,task_001366,"Among the cars produced in year 1973, how many of the cars have horsepower less than 100?",False,,schemas/by_database/train__cars.json,tasks/by_database/train__cars.jsonl
train__cars,cars,road_vehicle_business,道路车辆,task_001367,Provide the ID of cars from Japan worth greater than 35000 and have an acceleration of 14.,True,sql,schemas/by_database/train__cars.json,tasks/by_database/train__cars.jsonl
train__cars,cars,road_vehicle_business,道路车辆,task_001368,Give the model year of the heaviest car.,False,,schemas/by_database/train__cars.json,tasks/by_database/train__cars.jsonl
train__cars,cars,road_vehicle_business,道路车辆,task_001369,What is the horsepower and model year of the car named Subaru Dl?,False,,schemas/by_database/train__cars.json,tasks/by_database/train__cars.jsonl
train__cars,cars,road_vehicle_business,道路车辆,task_001370,"Among the cars originated from Japan, what is the name of the car with the highest price?",False,,schemas/by_database/train__cars.json,tasks/by_database/train__cars.jsonl
train__cars,cars,road_vehicle_business,道路车辆,task_001371,What are the names of the cars worth 20000?,False,,schemas/by_database/train__cars.json,tasks/by_database/train__cars.jsonl
train__cars,cars,road_vehicle_business,道路车辆,task_001372,How many cars worth greater than 40000 were from the USA?,True,sql,schemas/by_database/train__cars.json,tasks/by_database/train__cars.jsonl
train__cars,cars,road_vehicle_business,道路车辆,task_001373,Provide the price and country origin of the car named Ford Maverick.,False,,schemas/by_database/train__cars.json,tasks/by_database/train__cars.jsonl
train__cars,cars,road_vehicle_business,道路车辆,task_001374,List the car's name with a price worth greater than 85% of the average price of all cars.,False,,schemas/by_database/train__cars.json,tasks/by_database/train__cars.jsonl
train__cars,cars,road_vehicle_business,道路车辆,task_001375,Calculate the difference between the number of cars that has a horsepower of 130 with the model year 1970 and model year 1976,False,,schemas/by_database/train__cars.json,tasks/by_database/train__cars.jsonl
train__cars,cars,road_vehicle_business,道路车辆,task_001376,"Among the cars from Asia, list the IDs of cars that were introduced in 1979.",False,,schemas/by_database/train__cars.json,tasks/by_database/train__cars.jsonl
train__cars,cars,road_vehicle_business,道路车辆,task_001377,Which country produced the car with the lowest mileage per gallon?,False,,schemas/by_database/train__cars.json,tasks/by_database/train__cars.jsonl
train__cars,cars,road_vehicle_business,道路车辆,task_001378,"Provide the name, model, sweep volume, and introduced year of the car with the best crash protection.",True,sql,schemas/by_database/train__cars.json,tasks/by_database/train__cars.jsonl
train__cars,cars,road_vehicle_business,道路车辆,task_001379,"Among the cars introduced in 1977, provide the names and the horse powers of cars from Europe.",False,,schemas/by_database/train__cars.json,tasks/by_database/train__cars.jsonl
train__cars,cars,road_vehicle_business,道路车辆,task_001380,Provide the name and model of the car with the highest price.,False,,schemas/by_database/train__cars.json,tasks/by_database/train__cars.jsonl
train__cars,cars,road_vehicle_business,道路车辆,task_001381,What is the price of a Chevrolet Bel Air?,False,,schemas/by_database/train__cars.json,tasks/by_database/train__cars.jsonl
train__cars,cars,road_vehicle_business,道路车辆,task_001382,What is the average price per car produced in Japan?,False,,schemas/by_database/train__cars.json,tasks/by_database/train__cars.jsonl
train__cars,cars,road_vehicle_business,道路车辆,task_001383,Which country produced the car with the lowest price?,False,,schemas/by_database/train__cars.json,tasks/by_database/train__cars.jsonl
train__cars,cars,road_vehicle_business,道路车辆,task_001384,"Among the cars produced in 1975, provide IDs, names, and producing countries of the cars with the maximum number of cylinders.",True,sql,schemas/by_database/train__cars.json,tasks/by_database/train__cars.jsonl
train__cars,cars,road_vehicle_business,道路车辆,task_001385,"Which car is the cheapest? Provide its acceleration, number of cylinders, and producing year.",False,,schemas/by_database/train__cars.json,tasks/by_database/train__cars.jsonl
train__cars,cars,road_vehicle_business,道路车辆,task_001386,List the names and prices of the cars with model 82 and mileage per gallon of greater than 30.,False,,schemas/by_database/train__cars.json,tasks/by_database/train__cars.jsonl
train__cars,cars,road_vehicle_business,道路车辆,task_001387,How many models of Ford Maverick were produced?,False,,schemas/by_database/train__cars.json,tasks/by_database/train__cars.jsonl
train__cars,cars,road_vehicle_business,道路车辆,task_001388,Calculate the percentage of cars that belong to the USA.,False,,schemas/by_database/train__cars.json,tasks/by_database/train__cars.jsonl
train__cars,cars,road_vehicle_business,道路车辆,task_001389,"Calculate the average production rate per year from 1971 to 1980. Among them, name the cars with a weight of fewer than 1800 lbs.",True,sql,schemas/by_database/train__cars.json,tasks/by_database/train__cars.jsonl
train__cars,cars,road_vehicle_business,道路车辆,task_001390,What is the average price of model 70 cars?,False,,schemas/by_database/train__cars.json,tasks/by_database/train__cars.jsonl
train__cars,cars,road_vehicle_business,道路车辆,task_001391,What is the price of Chevrolet Vega 2300?,False,,schemas/by_database/train__cars.json,tasks/by_database/train__cars.jsonl
train__cars,cars,road_vehicle_business,道路车辆,task_001392,Which country does Chevy C20 come from?,False,,schemas/by_database/train__cars.json,tasks/by_database/train__cars.jsonl
train__cars,cars,road_vehicle_business,道路车辆,task_001393,List the price of Ford cars from model 1970 to 1980.,False,,schemas/by_database/train__cars.json,tasks/by_database/train__cars.jsonl
train__cars,cars,road_vehicle_business,道路车辆,task_001394,Which is the most fuel efficient car in 1975?,False,,schemas/by_database/train__cars.json,tasks/by_database/train__cars.jsonl
train__cars,cars,road_vehicle_business,道路车辆,task_001395,Which car consumes fuel the most and has the highest price?,True,sql,schemas/by_database/train__cars.json,tasks/by_database/train__cars.jsonl
train__cars,cars,road_vehicle_business,道路车辆,task_001396,How many American cars have an acceleration time of less than 12 seconds?,False,,schemas/by_database/train__cars.json,tasks/by_database/train__cars.jsonl
train__cars,cars,road_vehicle_business,道路车辆,task_001397,How many Japanese cars weigh more than 2000 lbs?,False,,schemas/by_database/train__cars.json,tasks/by_database/train__cars.jsonl
train__cars,cars,road_vehicle_business,道路车辆,task_001398,List the name of the most expensive car.,False,,schemas/by_database/train__cars.json,tasks/by_database/train__cars.jsonl
train__cars,cars,road_vehicle_business,道路车辆,task_001399,What years did the Buick Skylark 320 get in production?,False,,schemas/by_database/train__cars.json,tasks/by_database/train__cars.jsonl
train__cars,cars,road_vehicle_business,道路车辆,task_001400,Which country produced the most expensive car in 1970?,False,,schemas/by_database/train__cars.json,tasks/by_database/train__cars.jsonl
train__cars,cars,road_vehicle_business,道路车辆,task_001401,How many cars with horsepower greater than 200 were produced in 1975?,False,,schemas/by_database/train__cars.json,tasks/by_database/train__cars.jsonl
train__cars,cars,road_vehicle_business,道路车辆,task_001402,Calculate the percentage of American cars among all cars.,False,,schemas/by_database/train__cars.json,tasks/by_database/train__cars.jsonl
train__cars,cars,road_vehicle_business,道路车辆,task_001403,What is the average weight of Japanese cars with 4 cylinders that were produced from 1975 to 1980?,False,,schemas/by_database/train__cars.json,tasks/by_database/train__cars.jsonl
train__shipping,shipping,maritime_shipping_logistics,船运物流,task_001404,How many shipments were ordered by S K L Enterprises Inc in 2017?,False,,schemas/by_database/train__shipping.json,tasks/by_database/train__shipping.jsonl
train__shipping,shipping,maritime_shipping_logistics,船运物流,task_001405,What is the total number of pounds being transported for S K L Enterprises Inc?,False,,schemas/by_database/train__shipping.json,tasks/by_database/train__shipping.jsonl
train__shipping,shipping,maritime_shipping_logistics,船运物流,task_001406,"Among the shipments done by Sue Newell, how many of them are for S K L Enterprises Inc?",False,,schemas/by_database/train__shipping.json,tasks/by_database/train__shipping.jsonl
train__shipping,shipping,maritime_shipping_logistics,船运物流,task_001407,How many shipments were ordered by a customer in Florida?,False,,schemas/by_database/train__shipping.json,tasks/by_database/train__shipping.jsonl
train__shipping,shipping,maritime_shipping_logistics,船运物流,task_001408,Please list the IDs of all the shipments made by a retailer customer.,False,,schemas/by_database/train__shipping.json,tasks/by_database/train__shipping.jsonl
train__shipping,shipping,maritime_shipping_logistics,船运物流,task_001409,"Among the customers having at least one shipment in 2017, how many of them have an annual revenue of over 30000000?",False,,schemas/by_database/train__shipping.json,tasks/by_database/train__shipping.jsonl
train__shipping,shipping,maritime_shipping_logistics,船运物流,task_001410,How many shipments in 2017 were done by Sue Newell?,False,,schemas/by_database/train__shipping.json,tasks/by_database/train__shipping.jsonl
train__shipping,shipping,maritime_shipping_logistics,船运物流,task_001411,What is the full name of the driver that has done the most shipments in 2017?,False,,schemas/by_database/train__shipping.json,tasks/by_database/train__shipping.jsonl
train__shipping,shipping,maritime_shipping_logistics,船运物流,task_001412,"Among the shipments in 2017, how many of them have the destination in New Jersey?",False,,schemas/by_database/train__shipping.json,tasks/by_database/train__shipping.jsonl
train__shipping,shipping,maritime_shipping_logistics,船运物流,task_001413,What is the maximum weight being transported to New York during a single shipment?,False,,schemas/by_database/train__shipping.json,tasks/by_database/train__shipping.jsonl
train__shipping,shipping,maritime_shipping_logistics,船运物流,task_001414,How much more pounds in total were transported to New York than to Chicago?,False,,schemas/by_database/train__shipping.json,tasks/by_database/train__shipping.jsonl
train__shipping,shipping,maritime_shipping_logistics,船运物流,task_001415,Please list the destination cities of all the shipments ordered by S K L Enterprises Inc.,False,,schemas/by_database/train__shipping.json,tasks/by_database/train__shipping.jsonl
train__shipping,shipping,maritime_shipping_logistics,船运物流,task_001416,What is the average weight of the goods being transported on a single shipment ordered by S K L Enterprises Inc?,False,,schemas/by_database/train__shipping.json,tasks/by_database/train__shipping.jsonl
train__shipping,shipping,maritime_shipping_logistics,船运物流,task_001417,"Among all the shipments to Florida, what is the percentage of the shipment to Jacksonville?",False,,schemas/by_database/train__shipping.json,tasks/by_database/train__shipping.jsonl
train__shipping,shipping,maritime_shipping_logistics,船运物流,task_001418,State the make of the truck which completed shipment no.1045.,True,question,schemas/by_database/train__shipping.json,tasks/by_database/train__shipping.jsonl
train__shipping,shipping,maritime_shipping_logistics,船运物流,task_001419,How many shipments were delivered by the oldest truck model?,False,,schemas/by_database/train__shipping.json,tasks/by_database/train__shipping.jsonl
train__shipping,shipping,maritime_shipping_logistics,船运物流,task_001420,Who was the customer of shipment no.1275? Give the customer's name.,False,,schemas/by_database/train__shipping.json,tasks/by_database/train__shipping.jsonl
train__shipping,shipping,maritime_shipping_logistics,船运物流,task_001421,Where was the destination city of shipment no.1701?,False,,schemas/by_database/train__shipping.json,tasks/by_database/train__shipping.jsonl
train__shipping,shipping,maritime_shipping_logistics,船运物流,task_001422,Give the name of the driver of shipment no.1021.,False,,schemas/by_database/train__shipping.json,tasks/by_database/train__shipping.jsonl
train__shipping,shipping,maritime_shipping_logistics,船运物流,task_001423,Tell the name of the driver who received the shipment on 2017/11/5.,True,sql,schemas/by_database/train__shipping.json,tasks/by_database/train__shipping.jsonl
train__shipping,shipping,maritime_shipping_logistics,船运物流,task_001424,Show the population of the city which was the destination of shipment no.1398.,False,,schemas/by_database/train__shipping.json,tasks/by_database/train__shipping.jsonl
train__shipping,shipping,maritime_shipping_logistics,船运物流,task_001425,Provide the ship date of the first shipment to customers in South Carolina.,False,,schemas/by_database/train__shipping.json,tasks/by_database/train__shipping.jsonl
train__shipping,shipping,maritime_shipping_logistics,船运物流,task_001426,"For the shipment received by Leszek Kieltyka on 2017/9/25, what was its weight?",False,,schemas/by_database/train__shipping.json,tasks/by_database/train__shipping.jsonl
train__shipping,shipping,maritime_shipping_logistics,船运物流,task_001427,What is the area of the destination city of shipment No.1346?,False,,schemas/by_database/train__shipping.json,tasks/by_database/train__shipping.jsonl
train__shipping,shipping,maritime_shipping_logistics,船运物流,task_001428,Provide the weight of the shipment to U-haul Center Of N Syracuse on 2016/9/21.,False,,schemas/by_database/train__shipping.json,tasks/by_database/train__shipping.jsonl
train__shipping,shipping,maritime_shipping_logistics,船运物流,task_001429,Who was the driver of truck no.3 on 2016/9/19? Tell the full name.,True,sql,schemas/by_database/train__shipping.json,tasks/by_database/train__shipping.jsonl
train__shipping,shipping,maritime_shipping_logistics,船运物流,task_001430,Calculate the population density of the city as the destination of shipment no.1369.,False,,schemas/by_database/train__shipping.json,tasks/by_database/train__shipping.jsonl
train__shipping,shipping,maritime_shipping_logistics,船运物流,task_001431,What is the average number of shipments done by the Kenworth trucks?,False,,schemas/by_database/train__shipping.json,tasks/by_database/train__shipping.jsonl
train__shipping,shipping,maritime_shipping_logistics,船运物流,task_001432,How many pounds did Sue Newell transport during her first shipment?,False,,schemas/by_database/train__shipping.json,tasks/by_database/train__shipping.jsonl
train__shipping,shipping,maritime_shipping_logistics,船运物流,task_001433,To whom did the company transport its heaviest shipment?,False,,schemas/by_database/train__shipping.json,tasks/by_database/train__shipping.jsonl
train__shipping,shipping,maritime_shipping_logistics,船运物流,task_001434,What is the full name of the driver who transported the first shipment of the company?,False,,schemas/by_database/train__shipping.json,tasks/by_database/train__shipping.jsonl
train__shipping,shipping,maritime_shipping_logistics,船运物流,task_001435,"In total, how many shipments were transported to Olympic Camper Sales Inc?",False,,schemas/by_database/train__shipping.json,tasks/by_database/train__shipping.jsonl
train__shipping,shipping,maritime_shipping_logistics,船运物流,task_001436,How many of the shipments bound for New York City were shipped to Harry's Hot Rod Auto and Truck Accessories?,False,,schemas/by_database/train__shipping.json,tasks/by_database/train__shipping.jsonl
train__shipping,shipping,maritime_shipping_logistics,船运物流,task_001437,"Among the top 5 heaviest shipments, how many shipments were transported via Mack?",True,sql,schemas/by_database/train__shipping.json,tasks/by_database/train__shipping.jsonl
train__shipping,shipping,maritime_shipping_logistics,船运物流,task_001438,What is the full name of the driver who delivered the most shipments to the least populated city?,True,sql,schemas/by_database/train__shipping.json,tasks/by_database/train__shipping.jsonl
train__shipping,shipping,maritime_shipping_logistics,船运物流,task_001439,"How many shipments with weight of no more than 1,000 pounds were shipped by the oldest truck?",True,sql,schemas/by_database/train__shipping.json,tasks/by_database/train__shipping.jsonl
train__shipping,shipping,maritime_shipping_logistics,船运物流,task_001440,How much is the annual revenue of the customer with the most number of shipments?,False,,schemas/by_database/train__shipping.json,tasks/by_database/train__shipping.jsonl
train__shipping,shipping,maritime_shipping_logistics,船运物流,task_001441,"Among the shipments for Downey, how many shipments were shipped to California in 2016?",True,sql,schemas/by_database/train__shipping.json,tasks/by_database/train__shipping.jsonl
train__shipping,shipping,maritime_shipping_logistics,船运物流,task_001442,How many shipments did Holger Nohr transport to North Las Vegas overall?,False,,schemas/by_database/train__shipping.json,tasks/by_database/train__shipping.jsonl
train__shipping,shipping,maritime_shipping_logistics,船运物流,task_001443,How many shipments were shipped to the most densely populated city?,True,sql,schemas/by_database/train__shipping.json,tasks/by_database/train__shipping.jsonl
train__shipping,shipping,maritime_shipping_logistics,船运物流,task_001444,Determine the percentage of manufacturers from Texas among all customers associated with Lorenzo.,True,question_and_sql,schemas/by_database/train__shipping.json,tasks/by_database/train__shipping.jsonl
train__shipping,shipping,maritime_shipping_logistics,船运物流,task_001445,"Identify the total weight of shipments transported to San Mateo, California, in 2016.",False,,schemas/by_database/train__shipping.json,tasks/by_database/train__shipping.jsonl
train__shipping,shipping,maritime_shipping_logistics,船运物流,task_001446,Identify the total weight of shipments transported in 2016 by the newest Peterbilt.,True,sql,schemas/by_database/train__shipping.json,tasks/by_database/train__shipping.jsonl
train__shipping,shipping,maritime_shipping_logistics,船运物流,task_001447,What was the maximum weight of the shipment carried to Boston? Name the customer of that shipment.,False,,schemas/by_database/train__shipping.json,tasks/by_database/train__shipping.jsonl
train__shipping,shipping,maritime_shipping_logistics,船运物流,task_001448,Where was shipment no. 1002 headed?,False,,schemas/by_database/train__shipping.json,tasks/by_database/train__shipping.jsonl
train__shipping,shipping,maritime_shipping_logistics,船运物流,task_001449,What is the average shipment weight carried by the oldest Mack?,True,sql,schemas/by_database/train__shipping.json,tasks/by_database/train__shipping.jsonl
train__shipping,shipping,maritime_shipping_logistics,船运物流,task_001450,Identify the full name of the driver who delivered a shipment to the city of New York in February 2016.,True,sql,schemas/by_database/train__shipping.json,tasks/by_database/train__shipping.jsonl
train__shipping,shipping,maritime_shipping_logistics,船运物流,task_001451,Name the customer who sent the shipment to Oak Park.,False,,schemas/by_database/train__shipping.json,tasks/by_database/train__shipping.jsonl
train__shipping,shipping,maritime_shipping_logistics,船运物流,task_001452,Determine the number of shipments delivered by Andrea Simons to Huntsville in 2016.,False,,schemas/by_database/train__shipping.json,tasks/by_database/train__shipping.jsonl
train__shipping,shipping,maritime_shipping_logistics,船运物流,task_001453,How many shipments does each driver deliver per month on average?,True,sql,schemas/by_database/train__shipping.json,tasks/by_database/train__shipping.jsonl
train__shipping,shipping,maritime_shipping_logistics,船运物流,task_001454,"Among all shipments placed by Sunguard Window Tinting & Truck Accessories in 2017, identify the percentage of shipments whose weight exceeded 10,000 pounds.",False,,schemas/by_database/train__shipping.json,tasks/by_database/train__shipping.jsonl
train__shipping,shipping,maritime_shipping_logistics,船运物流,task_001455,"Among all shipments delivered by Sue Newel, identify the percentage of shipments that were placed by Autoware Inc.",False,,schemas/by_database/train__shipping.json,tasks/by_database/train__shipping.jsonl
train__shipping,shipping,maritime_shipping_logistics,船运物流,task_001456,How many cities which belong to New Jersey have transported weight greater than 20000?,False,,schemas/by_database/train__shipping.json,tasks/by_database/train__shipping.jsonl
train__shipping,shipping,maritime_shipping_logistics,船运物流,task_001457,How many cities whose polulation is larger than 50000 pounds have shipment in 2017?,True,sql,schemas/by_database/train__shipping.json,tasks/by_database/train__shipping.jsonl
train__shipping,shipping,maritime_shipping_logistics,船运物流,task_001458,State the weight of shipments transported by Peterbilt.,False,,schemas/by_database/train__shipping.json,tasks/by_database/train__shipping.jsonl
train__shipping,shipping,maritime_shipping_logistics,船运物流,task_001459,What is the model year of the truck used in shipment id 1003?,False,,schemas/by_database/train__shipping.json,tasks/by_database/train__shipping.jsonl
train__shipping,shipping,maritime_shipping_logistics,船运物流,task_001460,What is the brand of truck used in shipment id 1011?,False,,schemas/by_database/train__shipping.json,tasks/by_database/train__shipping.jsonl
train__shipping,shipping,maritime_shipping_logistics,船运物流,task_001461,What is the first name of the driver who transported shipment id 1028?,False,,schemas/by_database/train__shipping.json,tasks/by_database/train__shipping.jsonl
train__shipping,shipping,maritime_shipping_logistics,船运物流,task_001462,List out the state of driver who transported the shipment id 1055.,False,,schemas/by_database/train__shipping.json,tasks/by_database/train__shipping.jsonl
train__shipping,shipping,maritime_shipping_logistics,船运物流,task_001463,State the address of drivers who transported the shipment with weight greater than 50000 pounds.,False,,schemas/by_database/train__shipping.json,tasks/by_database/train__shipping.jsonl
train__shipping,shipping,maritime_shipping_logistics,船运物流,task_001464,Give the full name of driver who transported the items on 3/2/2016.,False,,schemas/by_database/train__shipping.json,tasks/by_database/train__shipping.jsonl
train__shipping,shipping,maritime_shipping_logistics,船运物流,task_001465,What is the average annual revenue of customers who have shipment weight of less than 65000 pounds?,False,,schemas/by_database/train__shipping.json,tasks/by_database/train__shipping.jsonl
train__shipping,shipping,maritime_shipping_logistics,船运物流,task_001466,What is the percentage of wholesaler customers who have shipment weight of not greater than 70000 pounds?,False,,schemas/by_database/train__shipping.json,tasks/by_database/train__shipping.jsonl
train__shipping,shipping,maritime_shipping_logistics,船运物流,task_001467,What is the last name of driver who transported shipment id 1088?,False,,schemas/by_database/train__shipping.json,tasks/by_database/train__shipping.jsonl
train__shipping,shipping,maritime_shipping_logistics,船运物流,task_001468,Give the phone of drivers who transported shipment weight of greater than 20000 pounds.,False,,schemas/by_database/train__shipping.json,tasks/by_database/train__shipping.jsonl
train__shipping,shipping,maritime_shipping_logistics,船运物流,task_001469,What is the brand and model of truck used in shipment id 1055?,False,,schemas/by_database/train__shipping.json,tasks/by_database/train__shipping.jsonl
train__shipping,shipping,maritime_shipping_logistics,船运物流,task_001470,How many trucks were manufactured in year 2009?,False,,schemas/by_database/train__shipping.json,tasks/by_database/train__shipping.jsonl
train__shipping,shipping,maritime_shipping_logistics,船运物流,task_001471,How many customers are manufacturer?,False,,schemas/by_database/train__shipping.json,tasks/by_database/train__shipping.jsonl
train__shipping,shipping,maritime_shipping_logistics,船运物流,task_001472,How many customers who live in California that are retailers?,False,,schemas/by_database/train__shipping.json,tasks/by_database/train__shipping.jsonl
train__shipping,shipping,maritime_shipping_logistics,船运物流,task_001473,How many cities are in Connecticut?,False,,schemas/by_database/train__shipping.json,tasks/by_database/train__shipping.jsonl
train__shipping,shipping,maritime_shipping_logistics,船运物流,task_001474,What is the most populated city in California?,False,,schemas/by_database/train__shipping.json,tasks/by_database/train__shipping.jsonl
train__shipping,shipping,maritime_shipping_logistics,船运物流,task_001475,What is the annual revenue of Klett & Sons Repair?,False,,schemas/by_database/train__shipping.json,tasks/by_database/train__shipping.jsonl
train__shipping,shipping,maritime_shipping_logistics,船运物流,task_001476,Who is the driver that transported the lightest weight of shipment? Provide the full name of the driver.,True,sql,schemas/by_database/train__shipping.json,tasks/by_database/train__shipping.jsonl
train__shipping,shipping,maritime_shipping_logistics,船运物流,task_001477,How many shipments were shipped to customers living in California in year 2016?,False,,schemas/by_database/train__shipping.json,tasks/by_database/train__shipping.jsonl
train__shipping,shipping,maritime_shipping_logistics,船运物流,task_001478,What is the brand of the truck that is used to ship by Zachery Hicks?,False,,schemas/by_database/train__shipping.json,tasks/by_database/train__shipping.jsonl
train__shipping,shipping,maritime_shipping_logistics,船运物流,task_001479,List all the name of the customers that received a shipment in February 2017.,False,,schemas/by_database/train__shipping.json,tasks/by_database/train__shipping.jsonl
train__shipping,shipping,maritime_shipping_logistics,船运物流,task_001480,Provide the brand of the truck and the name of the driver that transported goods in Klett & Sons Repair.,True,sql,schemas/by_database/train__shipping.json,tasks/by_database/train__shipping.jsonl
train__shipping,shipping,maritime_shipping_logistics,船运物流,task_001481,What is the shipment ID of the heaviest shipment that Zachery Hicks transported?,False,,schemas/by_database/train__shipping.json,tasks/by_database/train__shipping.jsonl
train__shipping,shipping,maritime_shipping_logistics,船运物流,task_001482,How many shipments did Zachery Hicks transport goods to New York in the year 2016?,False,,schemas/by_database/train__shipping.json,tasks/by_database/train__shipping.jsonl
train__shipping,shipping,maritime_shipping_logistics,船运物流,task_001483,Which headquarter's truck has the highest shipments in year 2016?,False,,schemas/by_database/train__shipping.json,tasks/by_database/train__shipping.jsonl
train__shipping,shipping,maritime_shipping_logistics,船运物流,task_001484,How many shipments were shipped to the least populated city in California?,True,sql,schemas/by_database/train__shipping.json,tasks/by_database/train__shipping.jsonl
train__shipping,shipping,maritime_shipping_logistics,船运物流,task_001485,In which city did the heaviest shipment transported?,False,,schemas/by_database/train__shipping.json,tasks/by_database/train__shipping.jsonl
train__shipping,shipping,maritime_shipping_logistics,船运物流,task_001486,List all the cities where Zachery Hicks transported goods.,False,,schemas/by_database/train__shipping.json,tasks/by_database/train__shipping.jsonl
train__shipping,shipping,maritime_shipping_logistics,船运物流,task_001487,Calculate the percentage of shipments in 2017 that were shipped by Zachery Hicks.,True,question_and_sql,schemas/by_database/train__shipping.json,tasks/by_database/train__shipping.jsonl
train__shipping,shipping,maritime_shipping_logistics,船运物流,task_001488,Calculate the percentage of the weight of goods being transported by Zachery Hicks to California in year 2016.,True,sql,schemas/by_database/train__shipping.json,tasks/by_database/train__shipping.jsonl
train__shipping,shipping,maritime_shipping_logistics,船运物流,task_001489,How many shipments were shipped by the driver named Zachery Hicks?,True,question_and_sql,schemas/by_database/train__shipping.json,tasks/by_database/train__shipping.jsonl
train__shipping,shipping,maritime_shipping_logistics,船运物流,task_001490,What is the ship ID of shipments shipped to the city with the largest area?,False,,schemas/by_database/train__shipping.json,tasks/by_database/train__shipping.jsonl
train__shipping,shipping,maritime_shipping_logistics,船运物流,task_001491,List the drivers who shipped the shipments to the least populated city.,True,sql,schemas/by_database/train__shipping.json,tasks/by_database/train__shipping.jsonl
train__shipping,shipping,maritime_shipping_logistics,船运物流,task_001492,"Among the shipments shipped to Cicero, Illinois, how many shipments weighed between 9,000 to 15,000?",False,,schemas/by_database/train__shipping.json,tasks/by_database/train__shipping.jsonl
train__shipping,shipping,maritime_shipping_logistics,船运物流,task_001493,What model year of truck delivered the ship ID 1233?,False,,schemas/by_database/train__shipping.json,tasks/by_database/train__shipping.jsonl
train__shipping,shipping,maritime_shipping_logistics,船运物流,task_001494,"What is the address of the driver that delivers the shipment for the customer lives at 7052 Carroll Road, San Diego, California?",False,,schemas/by_database/train__shipping.json,tasks/by_database/train__shipping.jsonl
train__shipping,shipping,maritime_shipping_logistics,船运物流,task_001495,"Among the shipments delivered by Maria Craft, how many shipments were delivered in 2017?",False,,schemas/by_database/train__shipping.json,tasks/by_database/train__shipping.jsonl
train__shipping,shipping,maritime_shipping_logistics,船运物流,task_001496,What is the truck's model year used to ship the ship ID 1245?,False,,schemas/by_database/train__shipping.json,tasks/by_database/train__shipping.jsonl
train__shipping,shipping,maritime_shipping_logistics,船运物流,task_001497,Where does the driver of ship ID 1127 live?,False,,schemas/by_database/train__shipping.json,tasks/by_database/train__shipping.jsonl
train__shipping,shipping,maritime_shipping_logistics,船运物流,task_001498,Give the annual revenue of the customer of ship ID 1047.,False,,schemas/by_database/train__shipping.json,tasks/by_database/train__shipping.jsonl
train__shipping,shipping,maritime_shipping_logistics,船运物流,task_001499,"What is the weight of the shipment delivered by Andrea Simons on March 7, 2016?",False,,schemas/by_database/train__shipping.json,tasks/by_database/train__shipping.jsonl
train__shipping,shipping,maritime_shipping_logistics,船运物流,task_001500,"Provide the destination city of the shipment shipped by January 16, 2017.",False,,schemas/by_database/train__shipping.json,tasks/by_database/train__shipping.jsonl
train__shipping,shipping,maritime_shipping_logistics,船运物流,task_001501,How many shipments were delivered to a customer from New York?,False,,schemas/by_database/train__shipping.json,tasks/by_database/train__shipping.jsonl
train__shipping,shipping,maritime_shipping_logistics,船运物流,task_001502,What is the name of the customer of ship ID 1147?,False,,schemas/by_database/train__shipping.json,tasks/by_database/train__shipping.jsonl
train__shipping,shipping,maritime_shipping_logistics,船运物流,task_001503,List the ship ID of shipments shipped to the most populated city.,True,sql,schemas/by_database/train__shipping.json,tasks/by_database/train__shipping.jsonl
train__shipping,shipping,maritime_shipping_logistics,船运物流,task_001504,"List the driver's name of the shipment shipped on February 22, 2016.",False,,schemas/by_database/train__shipping.json,tasks/by_database/train__shipping.jsonl
train__shipping,shipping,maritime_shipping_logistics,船运物流,task_001505,List the weight of the customer's shipment with annual revenue of 39448581.,False,,schemas/by_database/train__shipping.json,tasks/by_database/train__shipping.jsonl
train__shipping,shipping,maritime_shipping_logistics,船运物流,task_001506,What is the customer's address for the shipment with ship ID 1117?,False,,schemas/by_database/train__shipping.json,tasks/by_database/train__shipping.jsonl
train__shipping,shipping,maritime_shipping_logistics,船运物流,task_001507,"Among the shipments to a customer from Texas, what percentage of the shipments shipped in 2017?",False,,schemas/by_database/train__shipping.json,tasks/by_database/train__shipping.jsonl
train__shipping,shipping,maritime_shipping_logistics,船运物流,task_001508,Calculate the difference between the number of shipments shipped by the truck with the model year 2005 and model year 2006.,False,,schemas/by_database/train__shipping.json,tasks/by_database/train__shipping.jsonl
train__shipping,shipping,maritime_shipping_logistics,船运物流,task_001509,List the driver's name of the shipment with a weight greater than 95% of the average weight of all shipments.,False,,schemas/by_database/train__shipping.json,tasks/by_database/train__shipping.jsonl
train__airline,airline,aviation_airport,机场航空,task_001510,How many flights were there on 2018/8/1?,False,,schemas/by_database/train__airline.json,tasks/by_database/train__airline.jsonl
train__airline,airline,aviation_airport,机场航空,task_001511,"Among the flights on 2018/8/1, how many of them departed from an airport in New York?",False,,schemas/by_database/train__airline.json,tasks/by_database/train__airline.jsonl
train__airline,airline,aviation_airport,机场航空,task_001512,Please list the destination cities of all the flights that were cancelled on 2018/8/1.,False,,schemas/by_database/train__airline.json,tasks/by_database/train__airline.jsonl
train__airline,airline,aviation_airport,机场航空,task_001513,Please list the dates of the flights that were cancelled due to the most serious reason.,False,,schemas/by_database/train__airline.json,tasks/by_database/train__airline.jsonl
train__airline,airline,aviation_airport,机场航空,task_001514,Please list the departure airports of the flights on 2018/8/1 that were delayed.,False,,schemas/by_database/train__airline.json,tasks/by_database/train__airline.jsonl
train__airline,airline,aviation_airport,机场航空,task_001515,"Among the flights on 2018/8/1, how many of them were scheduled to depart from John F. Kennedy International in New York?",False,,schemas/by_database/train__airline.json,tasks/by_database/train__airline.jsonl
train__airline,airline,aviation_airport,机场航空,task_001516,"For the flight on 2018/8/1 that was delayed for the longest time, which was the destination airport of this flight?",False,,schemas/by_database/train__airline.json,tasks/by_database/train__airline.jsonl
train__airline,airline,aviation_airport,机场航空,task_001517,"Among the flights departing from John F. Kennedy International, how many of them arrived earlier than scheduled?",False,,schemas/by_database/train__airline.json,tasks/by_database/train__airline.jsonl
train__airline,airline,aviation_airport,机场航空,task_001518,"Among all the flights scheduled to depart from John F. Kennedy International on 2018/8/1, when was the earliest one scheduled to depart?",False,,schemas/by_database/train__airline.json,tasks/by_database/train__airline.jsonl
train__airline,airline,aviation_airport,机场航空,task_001519,How many flights on 2018/8/1 were operated by American Airlines Inc.?,False,,schemas/by_database/train__airline.json,tasks/by_database/train__airline.jsonl
train__airline,airline,aviation_airport,机场航空,task_001520,Please list the flight numbers of all the flights operated by American Airlines Inc. that were scheduled to depart from John F. Kennedy International.,True,sql_large_result,schemas/by_database/train__airline.json,tasks/by_database/train__airline.jsonl
train__airline,airline,aviation_airport,机场航空,task_001521,How many flights operated by American Airlines Inc. on 2018/8/1 were faster than scheduled?,False,,schemas/by_database/train__airline.json,tasks/by_database/train__airline.jsonl
train__airline,airline,aviation_airport,机场航空,task_001522,What is the flight number of the flight operated by American Airlines Inc. that had the longest delay in departure?,True,sql,schemas/by_database/train__airline.json,tasks/by_database/train__airline.jsonl
train__airline,airline,aviation_airport,机场航空,task_001523,"Among the flights operated by American Airlines Inc., how many of them were scheduled to land in New York?",False,,schemas/by_database/train__airline.json,tasks/by_database/train__airline.jsonl
train__airline,airline,aviation_airport,机场航空,task_001524,"Among the flights operated by American Airlines Inc. on 2018/8/1, how many of them were cancelled?",False,,schemas/by_database/train__airline.json,tasks/by_database/train__airline.jsonl
train__airline,airline,aviation_airport,机场航空,task_001525,"Which airline operated more flights on 2018/8/1, American Airlines Inc. or Endeavor Air Inc.?",False,,schemas/by_database/train__airline.json,tasks/by_database/train__airline.jsonl
train__airline,airline,aviation_airport,机场航空,task_001526,What is the average departure delay time of flights operated by American Airlines Inc.?,False,,schemas/by_database/train__airline.json,tasks/by_database/train__airline.jsonl
train__airline,airline,aviation_airport,机场航空,task_001527,"How many flights on average does American Airlines Inc. operate every day in August, 2018?",False,,schemas/by_database/train__airline.json,tasks/by_database/train__airline.jsonl
train__airline,airline,aviation_airport,机场航空,task_001528,What is the number of air carriers in the database?,False,,schemas/by_database/train__airline.json,tasks/by_database/train__airline.jsonl
train__airline,airline,aviation_airport,机场航空,task_001529,Give the number of planes that took off from Los Angeles International airport on 2018/8/27.,True,sql,schemas/by_database/train__airline.json,tasks/by_database/train__airline.jsonl
train__airline,airline,aviation_airport,机场航空,task_001530,Provide the number of airplanes that landed on Oakland Airport on 2018/8/7.,True,sql,schemas/by_database/train__airline.json,tasks/by_database/train__airline.jsonl
train__airline,airline,aviation_airport,机场航空,task_001531,How many flights of Alaska Airlines were delayed on 2018/8/2?,False,,schemas/by_database/train__airline.json,tasks/by_database/train__airline.jsonl
train__airline,airline,aviation_airport,机场航空,task_001532,Tell the number of fights landed earlier on Miami Airport on 2018/8/12.,False,,schemas/by_database/train__airline.json,tasks/by_database/train__airline.jsonl
train__airline,airline,aviation_airport,机场航空,task_001533,How many flights from American Airlines were cancelled due to a type A cancellation code?,False,,schemas/by_database/train__airline.json,tasks/by_database/train__airline.jsonl
train__airline,airline,aviation_airport,机场航空,task_001534,How many flights of Endeavor Air Inc. were faster than scheduled on 2018/8/31?,False,,schemas/by_database/train__airline.json,tasks/by_database/train__airline.jsonl
train__airline,airline,aviation_airport,机场航空,task_001535,How many planes of Spirit Air Lines took off on 2018/8/7?,True,sql,schemas/by_database/train__airline.json,tasks/by_database/train__airline.jsonl
train__airline,airline,aviation_airport,机场航空,task_001536,"For the flight with the tail number 'N702SK', which air carrier does it belong to?",False,,schemas/by_database/train__airline.json,tasks/by_database/train__airline.jsonl
train__airline,airline,aviation_airport,机场航空,task_001537,Provide the name of the airport which landed the most number of flights on 2018/8/15.,True,sql,schemas/by_database/train__airline.json,tasks/by_database/train__airline.jsonl
train__airline,airline,aviation_airport,机场航空,task_001538,"For the flight from ATL to PHL on 2018/8/1 that scheduled local departure time as ""2040"", which air carrier does this flight belong to?",False,,schemas/by_database/train__airline.json,tasks/by_database/train__airline.jsonl
train__airline,airline,aviation_airport,机场航空,task_001539,Tell the number of flights that landed at Lake Charles Regional Airport on 2018/8/15.,False,,schemas/by_database/train__airline.json,tasks/by_database/train__airline.jsonl
train__airline,airline,aviation_airport,机场航空,task_001540,How many flights were there from San Diego International airport to Los Angeles International airport in the August of 2018?,False,,schemas/by_database/train__airline.json,tasks/by_database/train__airline.jsonl
train__airline,airline,aviation_airport,机场航空,task_001541,What is the percentage of flights from Los Angeles International airport that were cancelled due to a type C cancellation code?,True,sql,schemas/by_database/train__airline.json,tasks/by_database/train__airline.jsonl
train__airline,airline,aviation_airport,机场航空,task_001542,What is the percentage of flights which landed at Pittsburgh were faster than scheduled?,True,sql,schemas/by_database/train__airline.json,tasks/by_database/train__airline.jsonl
train__airline,airline,aviation_airport,机场航空,task_001543,What is the description of the airline code 19049?,False,,schemas/by_database/train__airline.json,tasks/by_database/train__airline.jsonl
train__airline,airline,aviation_airport,机场航空,task_001544,How many flights departed on time on 8/1/2018?,False,,schemas/by_database/train__airline.json,tasks/by_database/train__airline.jsonl
train__airline,airline,aviation_airport,机场航空,task_001545,"What are the codes of the airport found in Ankara, Turkey?",False,,schemas/by_database/train__airline.json,tasks/by_database/train__airline.jsonl
train__airline,airline,aviation_airport,机场航空,task_001546,How long was the longest minute delay caused by a weather problem in airport id 12264?,False,,schemas/by_database/train__airline.json,tasks/by_database/train__airline.jsonl
train__airline,airline,aviation_airport,机场航空,task_001547,"What is the IATA code of the Anita Bay Airport in Anita Bay, Alaska?",False,,schemas/by_database/train__airline.json,tasks/by_database/train__airline.jsonl
train__airline,airline,aviation_airport,机场航空,task_001548,What is the origin airport id that recorded the longest delay due to a late aircraft?,False,,schemas/by_database/train__airline.json,tasks/by_database/train__airline.jsonl
train__airline,airline,aviation_airport,机场航空,task_001549,How many flights depart to Hartsfield-Jackson Atlanta International from Chicago O'Hare International?,False,,schemas/by_database/train__airline.json,tasks/by_database/train__airline.jsonl
train__airline,airline,aviation_airport,机场航空,task_001550,How many planes does Southwest Airlines Co. have?,False,,schemas/by_database/train__airline.json,tasks/by_database/train__airline.jsonl
train__airline,airline,aviation_airport,机场航空,task_001551,"On August 2018, which day had the highest number of cancelled flights due to the most serious reasons in Dallas/Fort Worth International?",False,,schemas/by_database/train__airline.json,tasks/by_database/train__airline.jsonl
train__airline,airline,aviation_airport,机场航空,task_001552,List the tail numbers of all the aircraft that arrived on time at Meadows Field airport in August of 2018?,False,,schemas/by_database/train__airline.json,tasks/by_database/train__airline.jsonl
train__airline,airline,aviation_airport,机场航空,task_001553,"Among the airports whose destination is Logan International, what is the airline id of the carrier operator with the highest delay in minutes due to security?",False,,schemas/by_database/train__airline.json,tasks/by_database/train__airline.jsonl
train__airline,airline,aviation_airport,机场航空,task_001554,What are the names of the top 5 airlines with the highest number of aircraft?,True,sql,schemas/by_database/train__airline.json,tasks/by_database/train__airline.jsonl
train__airline,airline,aviation_airport,机场航空,task_001555,What is the name of the airline with the highest number of non-cancelled flights?,False,,schemas/by_database/train__airline.json,tasks/by_database/train__airline.jsonl
train__airline,airline,aviation_airport,机场航空,task_001556,Give the name of the airline to which tail number N202NN belongs to.,False,,schemas/by_database/train__airline.json,tasks/by_database/train__airline.jsonl
train__airline,airline,aviation_airport,机场航空,task_001557,What is the name of the airline that flew the most flights to Chicago Midway International?,False,,schemas/by_database/train__airline.json,tasks/by_database/train__airline.jsonl
train__airline,airline,aviation_airport,机场航空,task_001558,What is the tail number of a Compass Airline's plane that flew the most number of flights from LAX to ABQ?,True,sql,schemas/by_database/train__airline.json,tasks/by_database/train__airline.jsonl
train__airline,airline,aviation_airport,机场航空,task_001559,Which airport did Republic Airline fly the most from?,False,,schemas/by_database/train__airline.json,tasks/by_database/train__airline.jsonl
train__airline,airline,aviation_airport,机场航空,task_001560,Which airline does the aircraft with the fastest flight belong to?,True,sql,schemas/by_database/train__airline.json,tasks/by_database/train__airline.jsonl
train__airline,airline,aviation_airport,机场航空,task_001561,How many hours in total did all of the Delta Air Lines aircraft were delayed due to a late aircraft in August of 2018? Identify the plane number of the aircraft with the highest delayed hours.,True,sql,schemas/by_database/train__airline.json,tasks/by_database/train__airline.jsonl
train__airline,airline,aviation_airport,机场航空,task_001562,Please list any three airports with their codes.,False,,schemas/by_database/train__airline.json,tasks/by_database/train__airline.jsonl
train__airline,airline,aviation_airport,机场航空,task_001563,What is the code of Mississippi Valley Airlines?,False,,schemas/by_database/train__airline.json,tasks/by_database/train__airline.jsonl
train__airline,airline,aviation_airport,机场航空,task_001564,What is the scheduled local departure time and the actual departure time of the flight from Philadelphia to Harrisburg with the plane's tail number N627AE on the 13th of August 2018?,False,,schemas/by_database/train__airline.json,tasks/by_database/train__airline.jsonl
train__airline,airline,aviation_airport,机场航空,task_001565,"How many flights on the 1st of August 2018 were coming from Allentown, Pennsylvania?",False,,schemas/by_database/train__airline.json,tasks/by_database/train__airline.jsonl
train__airline,airline,aviation_airport,机场航空,task_001566,What is the only flight destination for flights from Albany?,False,,schemas/by_database/train__airline.json,tasks/by_database/train__airline.jsonl
train__airline,airline,aviation_airport,机场航空,task_001567,How many flights from Dallas to Santa Ana departed on time?,False,,schemas/by_database/train__airline.json,tasks/by_database/train__airline.jsonl
train__airline,airline,aviation_airport,机场航空,task_001568,How many flights from Charlotte Douglas International Airport to Austin - Bergstrom International Airport experienced serious reasons that cause flight cancellation?,False,,schemas/by_database/train__airline.json,tasks/by_database/train__airline.jsonl
train__airline,airline,aviation_airport,机场航空,task_001569,Which flight carrier operator has the most cancelled flights?,True,sql,schemas/by_database/train__airline.json,tasks/by_database/train__airline.jsonl
train__airline,airline,aviation_airport,机场航空,task_001570,What is the actual departure time of JetBlue Airways with the plane's tail number N903JB to Fort Lauderdale-Hollywood International Airport on the 20th of August 2018?,False,,schemas/by_database/train__airline.json,tasks/by_database/train__airline.jsonl
train__airline,airline,aviation_airport,机场航空,task_001571,Which flight carrier operator flies from Atlantic City to Fort Lauderdale?,False,,schemas/by_database/train__airline.json,tasks/by_database/train__airline.jsonl
train__airline,airline,aviation_airport,机场航空,task_001572,What is the airport description of the airport code A11?,False,,schemas/by_database/train__airline.json,tasks/by_database/train__airline.jsonl
train__airline,airline,aviation_airport,机场航空,task_001573,What is the total number of flights that have Oklahoma as their origin?,False,,schemas/by_database/train__airline.json,tasks/by_database/train__airline.jsonl
train__airline,airline,aviation_airport,机场航空,task_001574,How many airports have a code starting with the letter C?,False,,schemas/by_database/train__airline.json,tasks/by_database/train__airline.jsonl
train__airline,airline,aviation_airport,机场航空,task_001575,Provide the destinations of flight number 1596.,False,,schemas/by_database/train__airline.json,tasks/by_database/train__airline.jsonl
train__airline,airline,aviation_airport,机场航空,task_001576,List the description of the airports that have code that ends with number 3?,False,,schemas/by_database/train__airline.json,tasks/by_database/train__airline.jsonl
train__airline,airline,aviation_airport,机场航空,task_001577,"Give the code of the airport described as Driftwood Bay, AK: Driftwood Bay Airport.",False,,schemas/by_database/train__airline.json,tasks/by_database/train__airline.jsonl
train__airline,airline,aviation_airport,机场航空,task_001578,How many cancelled flights are there?,False,,schemas/by_database/train__airline.json,tasks/by_database/train__airline.jsonl
train__airline,airline,aviation_airport,机场航空,task_001579,"List the tail number of flights that flew on August 17, 2018.",False,,schemas/by_database/train__airline.json,tasks/by_database/train__airline.jsonl
train__airline,airline,aviation_airport,机场航空,task_001580,Provide the origin of the flight that has the shortest actual elapsed time.,False,,schemas/by_database/train__airline.json,tasks/by_database/train__airline.jsonl
train__airline,airline,aviation_airport,机场航空,task_001581,"Provide the date and tail number of flight with air carrier ""Ross Aviation Inc.: GWE"".",False,,schemas/by_database/train__airline.json,tasks/by_database/train__airline.jsonl
train__airline,airline,aviation_airport,机场航空,task_001582,List the air carrier description and code of the flight with the shortest arrival time.,False,,schemas/by_database/train__airline.json,tasks/by_database/train__airline.jsonl
train__airline,airline,aviation_airport,机场航空,task_001583,How many flights of air carrier called JetBlue Airways: B6 have 0 new arrival delay?,False,,schemas/by_database/train__airline.json,tasks/by_database/train__airline.jsonl
train__airline,airline,aviation_airport,机场航空,task_001584,Provide the air carrier description of all flights arriving at Miami.,False,,schemas/by_database/train__airline.json,tasks/by_database/train__airline.jsonl
train__airline,airline,aviation_airport,机场航空,task_001585,What is the air carrier's description of the cancelled flights?,False,,schemas/by_database/train__airline.json,tasks/by_database/train__airline.jsonl
train__airline,airline,aviation_airport,机场航空,task_001586,Give the actual elapsed time of the flights with air carrier named Semo Aviation Inc.: SEM.,False,,schemas/by_database/train__airline.json,tasks/by_database/train__airline.jsonl
train__airline,airline,aviation_airport,机场航空,task_001587,"Among the flights with air carrier described as Asap Air Inc.: ASP, what is the tail number of the flight with the longest departure delay?",False,,schemas/by_database/train__airline.json,tasks/by_database/train__airline.jsonl
train__airline,airline,aviation_airport,机场航空,task_001588,List the air carrier's description of the flights with 0 departure delay.,False,,schemas/by_database/train__airline.json,tasks/by_database/train__airline.jsonl
train__airline,airline,aviation_airport,机场航空,task_001589,Provide the air carrier description of the flight with the highest actual elapsed time.,False,,schemas/by_database/train__airline.json,tasks/by_database/train__airline.jsonl
train__airline,airline,aviation_airport,机场航空,task_001590,"What are the destinations of the flights with air carrier description ""Southeast Alaska Airlines: WEB""?",False,,schemas/by_database/train__airline.json,tasks/by_database/train__airline.jsonl
train__airline,airline,aviation_airport,机场航空,task_001591,"From August 10 to August 20, 2018, how many cancelled flights of air carrier named Spirit Air Lines: NK are there?",True,sql,schemas/by_database/train__airline.json,tasks/by_database/train__airline.jsonl
train__airline,airline,aviation_airport,机场航空,task_001592,"What is the total number of flights that flew on August 2, 2018 with air carrier described as Horizon Air?",False,,schemas/by_database/train__airline.json,tasks/by_database/train__airline.jsonl
train__airline,airline,aviation_airport,机场航空,task_001593,What is the tail number of the flight with air carrier named Iscargo Hf: ICQ and arrival time of 1000 and below?,False,,schemas/by_database/train__airline.json,tasks/by_database/train__airline.jsonl
train__airline,airline,aviation_airport,机场航空,task_001594,List the flight date of flights with air carrier described as Profit Airlines Inc.: XBH which have an actual elapsed time below 100.,False,,schemas/by_database/train__airline.json,tasks/by_database/train__airline.jsonl
train__airline,airline,aviation_airport,机场航空,task_001595,"Among the flights with air carrier named Republic Airline, how many of the flights have departure delay of 30 minutes and above?",False,,schemas/by_database/train__airline.json,tasks/by_database/train__airline.jsonl
train__airline,airline,aviation_airport,机场航空,task_001596,"What are the air carriers of the flights that flew on August 25, 2018 that have departure delay of -5?",True,sql,schemas/by_database/train__airline.json,tasks/by_database/train__airline.jsonl
train__airline,airline,aviation_airport,机场航空,task_001597,Provide the air carrier description of the flight with a tail number N922US from Phoenix.,False,,schemas/by_database/train__airline.json,tasks/by_database/train__airline.jsonl
train__airline,airline,aviation_airport,机场航空,task_001598,Give the air carrier description of the flights that have an earlier arrival and departure.,False,,schemas/by_database/train__airline.json,tasks/by_database/train__airline.jsonl
train__airline,airline,aviation_airport,机场航空,task_001599,"Among the flights with air carrier ""Southwest Airlines Co.: WN"", provide the tail number of flights with an actual elapsed time lower than the 80% of the average actual elapsed time of listed flights.",True,sql_large_result,schemas/by_database/train__airline.json,tasks/by_database/train__airline.jsonl
train__airline,airline,aviation_airport,机场航空,task_001600,List the air carrier's description with arrival time lower than the 40% of the average arrival time of flights that flew to Phoenix.,False,,schemas/by_database/train__airline.json,tasks/by_database/train__airline.jsonl
train__airline,airline,aviation_airport,机场航空,task_001601,"Among the flights of the air carrier described as American Airlines, what is the percentage of the flights with earlier departure?",False,,schemas/by_database/train__airline.json,tasks/by_database/train__airline.jsonl
train__bike_share_1,bike_share_1,bike_micromobility,共享单车,task_001602,Which trip had the longest duration? State the start and end station.,False,,schemas/by_database/train__bike_share_1.json,tasks/by_database/train__bike_share_1.jsonl
train__bike_share_1,bike_share_1,bike_micromobility,共享单车,task_001603,What is the percentage of the trip were done by a subscriber?,False,,schemas/by_database/train__bike_share_1.json,tasks/by_database/train__bike_share_1.jsonl
train__bike_share_1,bike_share_1,bike_micromobility,共享单车,task_001604,State the final station of bike id 13. Which city was it at?,False,,schemas/by_database/train__bike_share_1.json,tasks/by_database/train__bike_share_1.jsonl
train__bike_share_1,bike_share_1,bike_micromobility,共享单车,task_001605,Name all the trips where the bike was borrowed and returned on a different day. State the city where the bike was returned.,True,sql_large_result,schemas/by_database/train__bike_share_1.json,tasks/by_database/train__bike_share_1.jsonl
train__bike_share_1,bike_share_1,bike_micromobility,共享单车,task_001606,Which is the station where no bike could not be borrowed form on the 2013/11/03 02:01:01? State the location of the station.,False,,schemas/by_database/train__bike_share_1.json,tasks/by_database/train__bike_share_1.jsonl
train__bike_share_1,bike_share_1,bike_micromobility,共享单车,task_001607,Name the station and city with the most borrowed bike.,False,,schemas/by_database/train__bike_share_1.json,tasks/by_database/train__bike_share_1.jsonl
train__bike_share_1,bike_share_1,bike_micromobility,共享单车,task_001608,What was the hottest temperature on the day of trip ID 4080?,False,,schemas/by_database/train__bike_share_1.json,tasks/by_database/train__bike_share_1.jsonl
train__bike_share_1,bike_share_1,bike_micromobility,共享单车,task_001609,List all dates and times when San Jose Diridon Caltrain Station had the most bikes available.,True,question,schemas/by_database/train__bike_share_1.json,tasks/by_database/train__bike_share_1.jsonl
train__bike_share_1,bike_share_1,bike_micromobility,共享单车,task_001610,Name all the trip on the days when it rained. State the duration of the trip,False,,schemas/by_database/train__bike_share_1.json,tasks/by_database/train__bike_share_1.jsonl
train__bike_share_1,bike_share_1,bike_micromobility,共享单车,task_001611,"List all trips where bikes were returned at location 37.331415, -121.8932. State the date the bike was borrowed.",False,,schemas/by_database/train__bike_share_1.json,tasks/by_database/train__bike_share_1.jsonl
train__bike_share_1,bike_share_1,bike_micromobility,共享单车,task_001612,"Among the trips in August 2013, how many bikes were borrowed from Redwood City.",True,sql,schemas/by_database/train__bike_share_1.json,tasks/by_database/train__bike_share_1.jsonl
train__bike_share_1,bike_share_1,bike_micromobility,共享单车,task_001613,"For all trips which took less 5 minutes, state the station name where the bike were borrowed and returned. Indicate mean temperature of the day.",True,sql_large_result,schemas/by_database/train__bike_share_1.json,tasks/by_database/train__bike_share_1.jsonl
train__bike_share_1,bike_share_1,bike_micromobility,共享单车,task_001614,"Among all the trips, which day had the most bikes borrowed? What was the average coldest temperature on that day?",True,sql,schemas/by_database/train__bike_share_1.json,tasks/by_database/train__bike_share_1.jsonl
train__bike_share_1,bike_share_1,bike_micromobility,共享单车,task_001615,Calculate the average usage of each bike in the third quarter of year 2013. Find the average wind direction within the same period.,True,sql,schemas/by_database/train__bike_share_1.json,tasks/by_database/train__bike_share_1.jsonl
train__bike_share_1,bike_share_1,bike_micromobility,共享单车,task_001616,How many bike stations were installed in San Jose in 2014? Indicate the names of the stations.,True,sql,schemas/by_database/train__bike_share_1.json,tasks/by_database/train__bike_share_1.jsonl
train__bike_share_1,bike_share_1,bike_micromobility,共享单车,task_001617,"What is the longest trip duration that started and ended August 29, 2013?",False,,schemas/by_database/train__bike_share_1.json,tasks/by_database/train__bike_share_1.jsonl
train__bike_share_1,bike_share_1,bike_micromobility,共享单车,task_001618,How long did it take for bike id 426 to reach 2nd at South Park from Market at 4th on 8/29/2013? Indicate the duration in minutes.,False,,schemas/by_database/train__bike_share_1.json,tasks/by_database/train__bike_share_1.jsonl
train__bike_share_1,bike_share_1,bike_micromobility,共享单车,task_001619,"On 8/29/2013, who took the longest to arrive in California Ave Caltrain Station from University and Emerson? Indicate the bike id.",False,,schemas/by_database/train__bike_share_1.json,tasks/by_database/train__bike_share_1.jsonl
train__bike_share_1,bike_share_1,bike_micromobility,共享单车,task_001620,How many stations in San Francico can hold more than 20 bikes?,False,,schemas/by_database/train__bike_share_1.json,tasks/by_database/train__bike_share_1.jsonl
train__bike_share_1,bike_share_1,bike_micromobility,共享单车,task_001621,"When was the hottest temperature recorded? If there are multiple dates with the hottest temperature, indicate all of the dates.",False,,schemas/by_database/train__bike_share_1.json,tasks/by_database/train__bike_share_1.jsonl
train__bike_share_1,bike_share_1,bike_micromobility,共享单车,task_001622,What is the maximum dew point in Fahrenheit degree on 7/15/2014 in the area with a zip code of 94301?,True,sql,schemas/by_database/train__bike_share_1.json,tasks/by_database/train__bike_share_1.jsonl
train__bike_share_1,bike_share_1,bike_micromobility,共享单车,task_001623,Which year experienced the most rain?,False,,schemas/by_database/train__bike_share_1.json,tasks/by_database/train__bike_share_1.jsonl
train__bike_share_1,bike_share_1,bike_micromobility,共享单车,task_001624,"On 10/20/2014, what is the duration of the fastest trip which started from the station with latitude and longitudes of 37.789625 and -122.400811, respectively? Indicate the bike id.",False,,schemas/by_database/train__bike_share_1.json,tasks/by_database/train__bike_share_1.jsonl
train__bike_share_1,bike_share_1,bike_micromobility,共享单车,task_001625,"Among the subscribers who rented a bike from South Van Ness at Market on 12/1/2013, whose duration was the shortest and to which station was the bike returned to? Indicate South Van Ness's dock count.",True,sql,schemas/by_database/train__bike_share_1.json,tasks/by_database/train__bike_share_1.jsonl
train__bike_share_1,bike_share_1,bike_micromobility,共享单车,task_001626,What is the maximum humidity in Powell Street BART when bike 496 was borrowed from the station on 8/29/2013?,True,sql,schemas/by_database/train__bike_share_1.json,tasks/by_database/train__bike_share_1.jsonl
train__bike_share_1,bike_share_1,bike_micromobility,共享单车,task_001627,"Which day in the month of November, 2014 have a foggy weather in the zip code 94301 and in total, how many bikes were borrowed by subscribers from all of the stations in the said day?",True,sql,schemas/by_database/train__bike_share_1.json,tasks/by_database/train__bike_share_1.jsonl
train__bike_share_1,bike_share_1,bike_micromobility,共享单车,task_001628,What is the name of the station that is less used by customers who borrow bikes from? Indicate when was the station installed.,False,,schemas/by_database/train__bike_share_1.json,tasks/by_database/train__bike_share_1.jsonl
train__bike_share_1,bike_share_1,bike_micromobility,共享单车,task_001629,"On 11/3/2013, which stations are often empty? Indicate the names of the stations.",False,,schemas/by_database/train__bike_share_1.json,tasks/by_database/train__bike_share_1.jsonl
train__bike_share_1,bike_share_1,bike_micromobility,共享单车,task_001630,What is the average duration of bike trips in the city of Palo Alto?,False,,schemas/by_database/train__bike_share_1.json,tasks/by_database/train__bike_share_1.jsonl
train__bike_share_1,bike_share_1,bike_micromobility,共享单车,task_001631,What is the route that has the longest duration? Indicate the city of where the stations are located.,False,,schemas/by_database/train__bike_share_1.json,tasks/by_database/train__bike_share_1.jsonl
train__bike_share_1,bike_share_1,bike_micromobility,共享单车,task_001632,List the name of stations that were installed from 8/5/2013 to 12/31/2013. Indicate their installation date and city name.,True,sql,schemas/by_database/train__bike_share_1.json,tasks/by_database/train__bike_share_1.jsonl
train__bike_share_1,bike_share_1,bike_micromobility,共享单车,task_001633,What is the average duration of trips which are started at Adobe on Almaden station to Ryland Park?,False,,schemas/by_database/train__bike_share_1.json,tasks/by_database/train__bike_share_1.jsonl
train__bike_share_1,bike_share_1,bike_micromobility,共享单车,task_001634,Write down the times when there is no available bike to borrow in a station. List down the stations name and location coordinate.,False,,schemas/by_database/train__bike_share_1.json,tasks/by_database/train__bike_share_1.jsonl
train__bike_share_1,bike_share_1,bike_micromobility,共享单车,task_001635,List down the trips in which their start and end station are similar. Give me their trip IDs and location coordinates.,False,,schemas/by_database/train__bike_share_1.json,tasks/by_database/train__bike_share_1.jsonl
train__bike_share_1,bike_share_1,bike_micromobility,共享单车,task_001636,"On 8/29/2013 at 6:14:01 PM, how many bikes were borrowed from San Jose Diridon Caltrain Station?",True,sql,schemas/by_database/train__bike_share_1.json,tasks/by_database/train__bike_share_1.jsonl
train__bike_share_1,bike_share_1,bike_micromobility,共享单车,task_001637,List down the trip IDs when bike no. 10 was used by subscribers and the weather's mean temperature is no less than 62 degress Fahrenheit.,True,sql,schemas/by_database/train__bike_share_1.json,tasks/by_database/train__bike_share_1.jsonl
train__bike_share_1,bike_share_1,bike_micromobility,共享单车,task_001638,What were the max gust speed and cloud clover when the customer using bike no. 10 recorded the 386 seconds duration of the trip from MLK Library to San Salvador at 1st?,True,sql,schemas/by_database/train__bike_share_1.json,tasks/by_database/train__bike_share_1.jsonl
train__bike_share_1,bike_share_1,bike_micromobility,共享单车,task_001639,"Among the subscriber, how many of them finished the 2nd at Folsom and Civic Center BART (7th at Market) as their start and end stations respectively for no more than 490 seconds under minimum visibility of 4 miles.",False,,schemas/by_database/train__bike_share_1.json,tasks/by_database/train__bike_share_1.jsonl
train__bike_share_1,bike_share_1,bike_micromobility,共享单车,task_001640,How many docks were available at the starting station of trip ID 912900?,True,sql,schemas/by_database/train__bike_share_1.json,tasks/by_database/train__bike_share_1.jsonl
train__bike_share_1,bike_share_1,bike_micromobility,共享单车,task_001641,Please write down the trip IDs which ended on the days when the minimum temperature is less than 45 degrees Fahrenheit.,True,sql_large_result,schemas/by_database/train__bike_share_1.json,tasks/by_database/train__bike_share_1.jsonl
train__bike_share_1,bike_share_1,bike_micromobility,共享单车,task_001642,"In 2014, what is the shortest duration of trips by subscribers which started at 2nd at Folsom and ended in the 5th at Howard stations, and by how much shorter than the average? Give me the minimum temperature, maximum gust speed and weather event on that trip.",True,sql,schemas/by_database/train__bike_share_1.json,tasks/by_database/train__bike_share_1.jsonl
train__bike_share_1,bike_share_1,bike_micromobility,共享单车,task_001643,Find the average ride time of the bikes that started at Steuart at Market station and ended at Embarcadero at Sansome station in July 2014.,True,sql,schemas/by_database/train__bike_share_1.json,tasks/by_database/train__bike_share_1.jsonl
train__bike_share_1,bike_share_1,bike_micromobility,共享单车,task_001644,What are the average maximum and minimum temperatures in May 2015 when the mean humidity is between 65 and 75?,False,,schemas/by_database/train__bike_share_1.json,tasks/by_database/train__bike_share_1.jsonl
train__bike_share_1,bike_share_1,bike_micromobility,共享单车,task_001645,Calculate the difference between the number of customers and the number of subscribers who did the trip in June 2013.,False,,schemas/by_database/train__bike_share_1.json,tasks/by_database/train__bike_share_1.jsonl
train__bike_share_1,bike_share_1,bike_micromobility,共享单车,task_001646,List the days in 2013 when rain and fog occurred together and find the id of bikes borrowed on these days.,True,sql_large_result,schemas/by_database/train__bike_share_1.json,tasks/by_database/train__bike_share_1.jsonl
train__bike_share_1,bike_share_1,bike_micromobility,共享单车,task_001647,"Find the longest ride on foggy day. What were the mean visibility, mean wind speed, and weather event during that ride? Also, list the coordinates and names of the start and end stations.",True,sql,schemas/by_database/train__bike_share_1.json,tasks/by_database/train__bike_share_1.jsonl
train__bike_share_1,bike_share_1,bike_micromobility,共享单车,task_001648,"For the rides that started at Market at 10th station and ended at South Van Ness at Market station in August of 2013, which day had the coldest temperature?",True,sql,schemas/by_database/train__bike_share_1.json,tasks/by_database/train__bike_share_1.jsonl
train__bike_share_1,bike_share_1,bike_micromobility,共享单车,task_001649,"Among the rides during the rainy days, which ride was the longest? List the start station, end station, and duration of this ride.",True,sql,schemas/by_database/train__bike_share_1.json,tasks/by_database/train__bike_share_1.jsonl
train__bike_share_1,bike_share_1,bike_micromobility,共享单车,task_001650,Find the average ride duration during the rain of more than 0.8 inches.,True,sql,schemas/by_database/train__bike_share_1.json,tasks/by_database/train__bike_share_1.jsonl
train__bike_share_1,bike_share_1,bike_micromobility,共享单车,task_001651,List the name and city of starting stations which has an above-average duration trips.,False,,schemas/by_database/train__bike_share_1.json,tasks/by_database/train__bike_share_1.jsonl
train__bike_share_1,bike_share_1,bike_micromobility,共享单车,task_001652,How many stations in San Francisco are installed in 2014?,False,,schemas/by_database/train__bike_share_1.json,tasks/by_database/train__bike_share_1.jsonl
train__bike_share_1,bike_share_1,bike_micromobility,共享单车,task_001653,"In 2006, how many trips ended at stations in Mountain View?",False,,schemas/by_database/train__bike_share_1.json,tasks/by_database/train__bike_share_1.jsonl
train__bike_share_1,bike_share_1,bike_micromobility,共享单车,task_001654,Which trip id had the longest duration and the start station is in Redwood City?,False,,schemas/by_database/train__bike_share_1.json,tasks/by_database/train__bike_share_1.jsonl
train__bike_share_1,bike_share_1,bike_micromobility,共享单车,task_001655,Please list bikes id were used in trips which start station were installed in 2013.,False,,schemas/by_database/train__bike_share_1.json,tasks/by_database/train__bike_share_1.jsonl
train__bike_share_1,bike_share_1,bike_micromobility,共享单车,task_001656,How many trips which subscription types were Subscriber and ended in San Jose city?,False,,schemas/by_database/train__bike_share_1.json,tasks/by_database/train__bike_share_1.jsonl
train__bike_share_1,bike_share_1,bike_micromobility,共享单车,task_001657,Which trip had the shortest duration and started at the station that can hold 15 bikes?,False,,schemas/by_database/train__bike_share_1.json,tasks/by_database/train__bike_share_1.jsonl
train__bike_share_1,bike_share_1,bike_micromobility,共享单车,task_001658,Which year had the most number of trips that started at stations in San Francisco?,True,sql,schemas/by_database/train__bike_share_1.json,tasks/by_database/train__bike_share_1.jsonl
train__bike_share_1,bike_share_1,bike_micromobility,共享单车,task_001659,What is the percentage of trips that started in San Jose and durations were longer than 800 seconds?,True,sql,schemas/by_database/train__bike_share_1.json,tasks/by_database/train__bike_share_1.jsonl
train__bike_share_1,bike_share_1,bike_micromobility,共享单车,task_001660,How many trips in 2013 had durations longer than 1000 seconds?,False,,schemas/by_database/train__bike_share_1.json,tasks/by_database/train__bike_share_1.jsonl
train__bike_share_1,bike_share_1,bike_micromobility,共享单车,task_001661,Please calculate the average duration of trips started at South Van Ness at Market in 2015.,False,,schemas/by_database/train__bike_share_1.json,tasks/by_database/train__bike_share_1.jsonl
train__bike_share_1,bike_share_1,bike_micromobility,共享单车,task_001662,How many trips which start station and end station are the same?,False,,schemas/by_database/train__bike_share_1.json,tasks/by_database/train__bike_share_1.jsonl
train__bike_share_1,bike_share_1,bike_micromobility,共享单车,task_001663,Please list trips id started on the hottest day.,True,sql,schemas/by_database/train__bike_share_1.json,tasks/by_database/train__bike_share_1.jsonl
train__bike_share_1,bike_share_1,bike_micromobility,共享单车,task_001664,Which were the trips that started at Mountain View City Hall and ended on a rainy day?,True,sql_large_result,schemas/by_database/train__bike_share_1.json,tasks/by_database/train__bike_share_1.jsonl
train__bike_share_1,bike_share_1,bike_micromobility,共享单车,task_001665,What is the average duration of trips that ended on a foggy day?,True,sql,schemas/by_database/train__bike_share_1.json,tasks/by_database/train__bike_share_1.jsonl
train__bike_share_1,bike_share_1,bike_micromobility,共享单车,task_001666,What was duration of the longest trip started on the day that has a maximum wind speed of 30 mph?,True,sql,schemas/by_database/train__bike_share_1.json,tasks/by_database/train__bike_share_1.jsonl
train__bike_share_1,bike_share_1,bike_micromobility,共享单车,task_001667,Please calculate the average temperature of those trips that started at Market at 4th in 2013.,True,sql,schemas/by_database/train__bike_share_1.json,tasks/by_database/train__bike_share_1.jsonl
train__bike_share_1,bike_share_1,bike_micromobility,共享单车,task_001668,What was the mean humidity of a trip with id 4275?,True,sql,schemas/by_database/train__bike_share_1.json,tasks/by_database/train__bike_share_1.jsonl
train__bike_share_1,bike_share_1,bike_micromobility,共享单车,task_001669,"In 2015, what percentage of trips that had the subscription type was Customer and ended on a rainy day?",True,sql,schemas/by_database/train__bike_share_1.json,tasks/by_database/train__bike_share_1.jsonl
train__bike_share_1,bike_share_1,bike_micromobility,共享单车,task_001670,"How many bike stations are installed after August, 2013 in San Jose?",True,sql,schemas/by_database/train__bike_share_1.json,tasks/by_database/train__bike_share_1.jsonl
train__bike_share_1,bike_share_1,bike_micromobility,共享单车,task_001671,What is the mean temperature in Fahrenheit on 8/29/2013 for the area where the zip code is 94107?,False,,schemas/by_database/train__bike_share_1.json,tasks/by_database/train__bike_share_1.jsonl
train__bike_share_1,bike_share_1,bike_micromobility,共享单车,task_001672,What is the difference between the hottest temperature and the coldest temperature in in Fahrenheit on 8/29/2013 for the area where the zip code is 94107?,False,,schemas/by_database/train__bike_share_1.json,tasks/by_database/train__bike_share_1.jsonl
train__bike_share_1,bike_share_1,bike_micromobility,共享单车,task_001673,How many bikes can be borrowed in San Jose Diridon Caltrain Station at 12:06:01 on 2013/8/29?,False,,schemas/by_database/train__bike_share_1.json,tasks/by_database/train__bike_share_1.jsonl
train__bike_share_1,bike_share_1,bike_micromobility,共享单车,task_001674,In which city's station is a bike borrowed on trip ID4069?,False,,schemas/by_database/train__bike_share_1.json,tasks/by_database/train__bike_share_1.jsonl
train__bike_share_1,bike_share_1,bike_micromobility,共享单车,task_001675,"How many bike trips started on the days in September, 2013 with the hottest temperature over 70 degrees Fahrenheit in the area where the zip code is 94107?",True,sql,schemas/by_database/train__bike_share_1.json,tasks/by_database/train__bike_share_1.jsonl
train__bike_share_1,bike_share_1,bike_micromobility,共享单车,task_001676,Please list the starting stations of the bike trips made on a day with a max humidity over 80 in 2013 in the area where the zip code is 94107.,True,sql,schemas/by_database/train__bike_share_1.json,tasks/by_database/train__bike_share_1.jsonl
train__bike_share_1,bike_share_1,bike_micromobility,共享单车,task_001677,"How many trips made by a subscriber started in August, 2013 from a station that can hold more than 20 bikes?",False,,schemas/by_database/train__bike_share_1.json,tasks/by_database/train__bike_share_1.jsonl
train__bike_share_1,bike_share_1,bike_micromobility,共享单车,task_001678,What is the location coordinates of the bike station from which the bike for the trip that last the longest was borrowed?,False,,schemas/by_database/train__bike_share_1.json,tasks/by_database/train__bike_share_1.jsonl
train__bike_share_1,bike_share_1,bike_micromobility,共享单车,task_001679,How many docks were left at the end station for trip ID4069?,True,sql,schemas/by_database/train__bike_share_1.json,tasks/by_database/train__bike_share_1.jsonl
train__bike_share_1,bike_share_1,bike_micromobility,共享单车,task_001680,"Among the bike trips started on the days with a fog in 2013, how many of those trips started from the station ""2nd at Townsend""?",True,sql,schemas/by_database/train__bike_share_1.json,tasks/by_database/train__bike_share_1.jsonl
train__bike_share_1,bike_share_1,bike_micromobility,共享单车,task_001681,What is the longest duration for a bike trip starting on a day with a fog in 2013?,True,sql,schemas/by_database/train__bike_share_1.json,tasks/by_database/train__bike_share_1.jsonl
train__bike_share_1,bike_share_1,bike_micromobility,共享单车,task_001682,When was the bike station from which the bike was borrowed on trip ID4069 installed?,False,,schemas/by_database/train__bike_share_1.json,tasks/by_database/train__bike_share_1.jsonl
train__bike_share_1,bike_share_1,bike_micromobility,共享单车,task_001683,How many trips with a bike borrowed from the stations in San Francisco were made by a subscriber?,False,,schemas/by_database/train__bike_share_1.json,tasks/by_database/train__bike_share_1.jsonl
train__bike_share_1,bike_share_1,bike_micromobility,共享单车,task_001684,"On the day with the hottest temperature ever in 2014, how many bike trips started from the station 2nd at Folsom?",True,sql,schemas/by_database/train__bike_share_1.json,tasks/by_database/train__bike_share_1.jsonl
train__bike_share_1,bike_share_1,bike_micromobility,共享单车,task_001685,What is the average duration of a bike trip made on the day with the hottest temperature ever in 2014?,True,sql,schemas/by_database/train__bike_share_1.json,tasks/by_database/train__bike_share_1.jsonl
train__bike_share_1,bike_share_1,bike_micromobility,共享单车,task_001686,List out all end stations for a bicycle that were making a trip starting from 2nd at South Park station? Only retain the unique value.,False,,schemas/by_database/train__bike_share_1.json,tasks/by_database/train__bike_share_1.jsonl
train__bike_share_1,bike_share_1,bike_micromobility,共享单车,task_001687,How many rainy days were recorded in Mountain View?,False,,schemas/by_database/train__bike_share_1.json,tasks/by_database/train__bike_share_1.jsonl
train__bike_share_1,bike_share_1,bike_micromobility,共享单车,task_001688,What is the total number of bikes that can be hold in Redwood City before 2014.,False,,schemas/by_database/train__bike_share_1.json,tasks/by_database/train__bike_share_1.jsonl
train__bike_share_1,bike_share_1,bike_micromobility,共享单车,task_001689,What is the longest trip duration according? Convert the it to number of days.,False,,schemas/by_database/train__bike_share_1.json,tasks/by_database/train__bike_share_1.jsonl
train__bike_share_1,bike_share_1,bike_micromobility,共享单车,task_001690,Convert all temperature recorded at San Francisco city during August 2013 into degree Celsius.,False,,schemas/by_database/train__bike_share_1.json,tasks/by_database/train__bike_share_1.jsonl
train__bike_share_1,bike_share_1,bike_micromobility,共享单车,task_001691,What is the ratio for subscriber to customer given that the starting and the ending stations is 2nd at South Park?,False,,schemas/by_database/train__bike_share_1.json,tasks/by_database/train__bike_share_1.jsonl
train__bike_share_1,bike_share_1,bike_micromobility,共享单车,task_001692,Are all stations with zip code 94107 located in San Francisco city?,True,sql,schemas/by_database/train__bike_share_1.json,tasks/by_database/train__bike_share_1.jsonl
train__bike_share_1,bike_share_1,bike_micromobility,共享单车,task_001693,List out all stations name that having a mean temperature 20 degree Celsius in year 2014.,True,sql_large_result,schemas/by_database/train__bike_share_1.json,tasks/by_database/train__bike_share_1.jsonl
train__bike_share_1,bike_share_1,bike_micromobility,共享单车,task_001694,How many bicycle trip were made within San Jose city during August 2013?,True,sql,schemas/by_database/train__bike_share_1.json,tasks/by_database/train__bike_share_1.jsonl
train__bike_share_1,bike_share_1,bike_micromobility,共享单车,task_001695,"Is there any intercity trip were made during 2014? If yes, list out the city name for the start and end station.",False,,schemas/by_database/train__bike_share_1.json,tasks/by_database/train__bike_share_1.jsonl
train__bike_share_1,bike_share_1,bike_micromobility,共享单车,task_001696,"Does the bike with Id number 16 making any intercity trip? If yes, calculate the total travel duration during all the intercity trip. Convert the duration to hour.",True,sql,schemas/by_database/train__bike_share_1.json,tasks/by_database/train__bike_share_1.jsonl
train__bike_share_1,bike_share_1,bike_micromobility,共享单车,task_001697,What is the ratio of customer to subscriber that making a trip inside Mountain View city?,True,sql,schemas/by_database/train__bike_share_1.json,tasks/by_database/train__bike_share_1.jsonl
train__bike_share_1,bike_share_1,bike_micromobility,共享单车,task_001698,What is the total trip duration made within Palo Alto city? Convert the duration to hour.,False,,schemas/by_database/train__bike_share_1.json,tasks/by_database/train__bike_share_1.jsonl
train__bike_share_1,bike_share_1,bike_micromobility,共享单车,task_001699,Which bicycle is the least used bike. Check if the start and end station are from the same city and calculate the total duration travelled by the bicycle in hours for a trip made within the same city.,False,,schemas/by_database/train__bike_share_1.json,tasks/by_database/train__bike_share_1.jsonl
train__bike_share_1,bike_share_1,bike_micromobility,共享单车,task_001700,Count the number of subscribers who started their trips in Market at 4th.,False,,schemas/by_database/train__bike_share_1.json,tasks/by_database/train__bike_share_1.jsonl
train__bike_share_1,bike_share_1,bike_micromobility,共享单车,task_001701,List the names of the stations within Mountain View that were installed on 12/31/2013.,False,,schemas/by_database/train__bike_share_1.json,tasks/by_database/train__bike_share_1.jsonl
train__bike_share_1,bike_share_1,bike_micromobility,共享单车,task_001702,Which city is Townsend at 7th Station located and how many bikes could it hold?,False,,schemas/by_database/train__bike_share_1.json,tasks/by_database/train__bike_share_1.jsonl
train__bike_share_1,bike_share_1,bike_micromobility,共享单车,task_001703,How many bikes could Evelyn Park and Ride hold and how many users who started on that station are subscribers?,False,,schemas/by_database/train__bike_share_1.json,tasks/by_database/train__bike_share_1.jsonl
train__bike_share_1,bike_share_1,bike_micromobility,共享单车,task_001704,How many subscribers are in the zip code of 94301 and what is the hottest temperature recorded on that zip code?,True,sql,schemas/by_database/train__bike_share_1.json,tasks/by_database/train__bike_share_1.jsonl
train__bike_share_1,bike_share_1,bike_micromobility,共享单车,task_001705,What is the percentage ration of customers to subscribers that started their trips within the city of San Francisco?,False,,schemas/by_database/train__bike_share_1.json,tasks/by_database/train__bike_share_1.jsonl
train__bike_share_1,bike_share_1,bike_micromobility,共享单车,task_001706,What is the average duration of trips for the starting station of Santa Clara at Almaden and what is the latitude and longitude of this station?,False,,schemas/by_database/train__bike_share_1.json,tasks/by_database/train__bike_share_1.jsonl
train__bike_share_1,bike_share_1,bike_micromobility,共享单车,task_001707,What is the shortest trip made starting from Franklin at Maple and what is the maximum wind speed at that date?,False,,schemas/by_database/train__bike_share_1.json,tasks/by_database/train__bike_share_1.jsonl
train__bike_share_1,bike_share_1,bike_micromobility,共享单车,task_001708,How many bikes have been borrowed at San Jose Diridon Caltrain Station on the date and time of 10/20/2013 8:11:01 AM and indicate the station's coordinates.,False,,schemas/by_database/train__bike_share_1.json,tasks/by_database/train__bike_share_1.jsonl
train__bike_share_1,bike_share_1,bike_micromobility,共享单车,task_001709,Name the city of the station that trip ID 585842 borrowed a bike and indicate when that station was first installed.,False,,schemas/by_database/train__bike_share_1.json,tasks/by_database/train__bike_share_1.jsonl
train__bike_share_1,bike_share_1,bike_micromobility,共享单车,task_001710,How many stations were installed on the date of 8/16/2013 and how many users on those stations are classified as a customer?,True,sql,schemas/by_database/train__bike_share_1.json,tasks/by_database/train__bike_share_1.jsonl
train__bike_share_1,bike_share_1,bike_micromobility,共享单车,task_001711,Which station did the user who started at Market at 4th station ended their trip at the time of 12:45:00 PM and the date of 8/29/2013 and what is the location coordinates of the ending station?,False,,schemas/by_database/train__bike_share_1.json,tasks/by_database/train__bike_share_1.jsonl
train__bike_share_1,bike_share_1,bike_micromobility,共享单车,task_001712,How many subscribers have ended their trip at MLK Library and how many docks does that station have?,True,sql,schemas/by_database/train__bike_share_1.json,tasks/by_database/train__bike_share_1.jsonl
train__bike_share_1,bike_share_1,bike_micromobility,共享单车,task_001713,What is the average coldest temperature for the zip code of 94301 and what stations are within the zip code? Include the latitude and longitude as well.,True,sql,schemas/by_database/train__bike_share_1.json,tasks/by_database/train__bike_share_1.jsonl
train__bike_share_1,bike_share_1,bike_micromobility,共享单车,task_001714,Calculate the average duration travelled by subscribers that both started and ended their trip in Mountain View City Hall and indicate the date when the station was first installed.,False,,schemas/by_database/train__bike_share_1.json,tasks/by_database/train__bike_share_1.jsonl
